-- phpMyAdmin SQL Dump
-- version 5.1.1
-- https://www.phpmyadmin.net/
--
-- Host: 127.0.0.1
-- Generation Time: Jun 06, 2022 at 07:47 PM
-- Server version: 10.4.22-MariaDB
-- PHP Version: 8.1.2

SET SQL_MODE = "NO_AUTO_VALUE_ON_ZERO";
START TRANSACTION;
SET time_zone = "+00:00";


/*!40101 SET @OLD_CHARACTER_SET_CLIENT=@@CHARACTER_SET_CLIENT */;
/*!40101 SET @OLD_CHARACTER_SET_RESULTS=@@CHARACTER_SET_RESULTS */;
/*!40101 SET @OLD_COLLATION_CONNECTION=@@COLLATION_CONNECTION */;
/*!40101 SET NAMES utf8mb4 */;

--
-- Database: `betterlimited`
--

-- --------------------------------------------------------

--
-- Table structure for table `customer`
--

CREATE TABLE `customer` (
  `CustomerID` int(5) NOT NULL,
  `Name` varchar(20) NOT NULL,
  `Address` varchar(50) DEFAULT NULL,
  `Tel` int(8) NOT NULL
) ENGINE=InnoDB DEFAULT CHARSET=utf8mb4;

--
-- Dumping data for table `customer`
--

INSERT INTO `customer` (`CustomerID`, `Name`, `Address`, `Tel`) VALUES
(10001, 'ABC', 'HK', 23984221),
(10002, 'Chan ', 'dasdasda@gmail.com', 32312123),
(10003, 'Chan', 'dasdasda@gmail.com', 6234232),
(10004, 'sdas', 'ytwghhfd@gmail.com', 32334123),
(10005, 'SDA', 'thgfhf@gmail.com', 32342123),
(10006, 'DAD', 'rthregh4ew@gmail.com', 3231223),
(10007, 'CADA', 'uikergt@gmail.com', 98888553),
(10008, 'SANASsdasgduj', 'kiewgu@gmail.com', 12378553),
(10009, 'GFS', 'kiegfhi@gmail.com', 12461233),
(10010, 'CVX', 'muiyuw@gmail.com', 97525356),
(10011, 'MID', '234612@gmail.com', 76431233),
(10012, 'Tony', 'dsjw22@gmail.com', 31289054);

-- --------------------------------------------------------

--
-- Table structure for table `deliveryorder`
--

CREATE TABLE `deliveryorder` (
  `DeliveryID` int(5) NOT NULL,
  `SalesOrderID` int(5) NOT NULL,
  `DeliveryDate` date NOT NULL,
  `DeliveryTime` time NOT NULL,
  `DeliveryStatus` enum('pending','In-transit','delivered') NOT NULL DEFAULT 'pending'
) ENGINE=InnoDB DEFAULT CHARSET=utf8mb4;

--
-- Dumping data for table `deliveryorder`
--

INSERT INTO `deliveryorder` (`DeliveryID`, `SalesOrderID`, `DeliveryDate`, `DeliveryTime`, `DeliveryStatus`) VALUES
(10001, 10001, '2022-06-04', '07:03:00', 'In-transit'),
(10004, 10001, '2022-06-14', '38:19:52', 'pending'),
(10005, 10001, '2022-06-15', '05:14:29', 'pending'),
(10006, 10001, '2022-06-29', '38:26:52', 'In-transit'),
(10007, 10001, '2022-06-29', '38:26:52', 'In-transit'),
(10008, 10001, '2022-06-29', '38:26:52', 'In-transit'),
(10009, 10001, '2022-06-29', '38:26:52', 'In-transit'),
(10010, 10001, '2022-06-29', '38:26:52', 'In-transit');

-- --------------------------------------------------------

--
-- Table structure for table `deliveryorder_item`
--

CREATE TABLE `deliveryorder_item` (
  `DeliveryID` int(5) NOT NULL,
  `itemID` int(5) NOT NULL,
  `Qty` int(5) NOT NULL DEFAULT 1
) ENGINE=InnoDB DEFAULT CHARSET=utf8mb4;

--
-- Dumping data for table `deliveryorder_item`
--

INSERT INTO `deliveryorder_item` (`DeliveryID`, `itemID`, `Qty`) VALUES
(10005, 10004, 1),
(10006, 10006, 4);

-- --------------------------------------------------------

--
-- Table structure for table `goodreturnnote`
--

CREATE TABLE `goodreturnnote` (
  `ReturnNoteID` int(5) NOT NULL,
  `SalesOrderID` int(5) NOT NULL,
  `SupplierID` int(5) NOT NULL
) ENGINE=InnoDB DEFAULT CHARSET=utf8mb4;

--
-- Dumping data for table `goodreturnnote`
--

INSERT INTO `goodreturnnote` (`ReturnNoteID`, `SalesOrderID`, `SupplierID`) VALUES
(1, 10006, 10001),
(2, 10004, 10002),
(3, 10003, 10001);

-- --------------------------------------------------------

--
-- Table structure for table `goodreturnnote_item`
--

CREATE TABLE `goodreturnnote_item` (
  `ReturnNoteID` int(5) NOT NULL,
  `ItemID` int(5) NOT NULL,
  `Qty` int(11) DEFAULT NULL
) ENGINE=InnoDB DEFAULT CHARSET=utf8mb4;

-- --------------------------------------------------------

--
-- Table structure for table `goodsreceivednote`
--

CREATE TABLE `goodsreceivednote` (
  `ReceivedID` int(5) NOT NULL,
  `PurchaseOrderID` int(5) NOT NULL,
  `SupplierID` int(5) NOT NULL,
  `InboundDate` date NOT NULL,
  `InboundTime` time NOT NULL
) ENGINE=InnoDB DEFAULT CHARSET=utf8mb4;

-- --------------------------------------------------------

--
-- Table structure for table `installationorder`
--

CREATE TABLE `installationorder` (
  `InstallationID` int(5) NOT NULL,
  `SalesOrderID` int(5) NOT NULL,
  `InstallationDate` date NOT NULL,
  `InstallationTime` time NOT NULL,
  `InstallationStatus` enum('pending','installed') DEFAULT 'pending'
) ENGINE=InnoDB DEFAULT CHARSET=utf8mb4;

--
-- Dumping data for table `installationorder`
--

INSERT INTO `installationorder` (`InstallationID`, `SalesOrderID`, `InstallationDate`, `InstallationTime`, `InstallationStatus`) VALUES
(10001, 10001, '2022-06-04', '08:35:00', 'pending'),
(10002, 10007, '2022-06-15', '00:15:01', 'installed'),
(10003, 10006, '2022-06-15', '00:15:01', 'installed'),
(10004, 10005, '2022-06-15', '00:15:01', 'installed'),
(10005, 10004, '2022-06-15', '00:15:01', 'installed'),
(10006, 10007, '2022-06-15', '00:15:01', 'installed'),
(10007, 10007, '2022-06-15', '00:15:01', 'installed');

-- --------------------------------------------------------

--
-- Table structure for table `installationorder_item`
--

CREATE TABLE `installationorder_item` (
  `InstallationID` int(5) NOT NULL,
  `itemID` int(5) NOT NULL,
  `Qty` int(5) NOT NULL DEFAULT 1
) ENGINE=InnoDB DEFAULT CHARSET=utf8mb4;

-- --------------------------------------------------------

--
-- Table structure for table `inventorystocklevel`
--

CREATE TABLE `inventorystocklevel` (
  `itemID` int(5) NOT NULL,
  `itemName` varchar(10) NOT NULL,
  `Quantity` int(3) NOT NULL,
  `LowLevelQty` int(3) NOT NULL
) ENGINE=InnoDB DEFAULT CHARSET=utf8mb4;

--
-- Dumping data for table `inventorystocklevel`
--

INSERT INTO `inventorystocklevel` (`itemID`, `itemName`, `Quantity`, `LowLevelQty`) VALUES
(10001, 'Iphone7', 20, 5),
(10002, 'Iphone8', 20, 5),
(10004, 'Iphone8', 0, 5),
(10005, 'Iphone9', 7, 5),
(10006, 'Iphone10', 20, 5),
(10007, 'Iphone11', 8, 5),
(10008, 'Iphone12', 3, 5);

-- --------------------------------------------------------

--
-- Table structure for table `item`
--

CREATE TABLE `item` (
  `ItemID` int(5) NOT NULL,
  `ItemCat` varchar(20) NOT NULL,
  `ItemName` varchar(30) NOT NULL,
  `ItemDesc` varchar(50) NOT NULL,
  `ItemImg` mediumblob DEFAULT NULL,
  `SalePrice` int(11) NOT NULL,
  `SupplierID` int(5) NOT NULL,
  `SupplierPrice` int(20) NOT NULL,
  `WarrantyMonth` int(11) NOT NULL,
  `AllowDelivery` enum('true','false') NOT NULL DEFAULT 'false'
) ENGINE=InnoDB DEFAULT CHARSET=utf8mb4;

--
-- Dumping data for table `item`
--

INSERT INTO `item` (`ItemID`, `ItemCat`, `ItemName`, `ItemDesc`, `ItemImg`, `SalePrice`, `SupplierID`, `SupplierPrice`, `WarrantyMonth`, `AllowDelivery`) VALUES
(10001, 'phone', 'Iphone7', '128GB', 0xffd8ffe000104a46494600010100000100010000ffdb0084000a07080f110f110f10100f100f0f100f0f100f0f0f110f0f0f1018141919191418181c202e251c1e2b2318182638262c2f343535371a243b403b343f2e423631010c0c0c100f101c12121e3f2b2124313434343134313134343431313f363134313434343434343134343f34313434343135343431343434343431343434343431ffc000110800e100e103012200021101031101ffc4001c0001000203010101000000000000000000000102030405060708ffc40047100002010201040d0a0403070500000000000102031104051221311315223341515253717291a1d1061432618192b1b2b3c1345493a2426273072324358283d21625e1f0f1ffc4001a010100030101010000000000000000000000010304020506ffc400321101000102040207070403000000000000000102110304123151b1052141718191c11532335272a1d11361e1f0142242ffda000c03010002110311003f00fb300000000000002929a8e96d25c6da453ce29f2e1efc40cc0c3e714f970f7e23ce29f2e1efc416966061f38a7cb87bf11e714f970f7e20b4b3030f9c53e5c3df88f38a7cb87bf105a598187ce29f2e1efc479c53e5c3df882d2cc0c3e714f970f7e23ce29f2e1efc416966061f38a7cb87bf11e714f970f7e20b4b3030f9c53e5c3df8978d48cbd1927d0d302e0000000000000000000000006b626a3568c2d9f2bd9bd515c3266c9a6aea7566d6a8a8c5f1a51bbef644a6189c2117a53a93e194b74fff001d08aac442f6d8e175c1a2ff0003e4dfdb1e54c429e1b090954861aa539d4a99927155e79d9b992b6b515676d5bb5c48e67f65f94b110c54f0ca739e1d53cf8c24dca34e5b2460b374ee5494ddd2f5711cda6d75978d5a65f6dd9a1cdc3bbc06cd0e6e1dde073e9e2272ab560e8d48469a83856938e657ce8b6d41279db9d4ee97a8cf095efea7af8ce6f2b34d2d9d9a1cdc7bbc09d9a1cdc7b1781af7171794e886c6cd0e6e3d8bc06cb0e447b178182e2e3549a61b1b2c3911eef021ec53d12828f135a2ded461b8b8b9a619b734eeaa66e6a8ca4aa4acad18abb527ea5a6e5f0d3a55210ab4dc274ea423384e16719424aea49f13452b67ba3782529c5a714ef6725a93f51c8588cb895960f25a4b424b1f88492fd12c867abaa5dfd8e3c95d83638f2576130bd96724a5659c93ba4f8527c28b12e6f2a6c71e4aec2b2a107c166b535a1a3281684de54a3524a59927776bc65c6b89facd9356bc5ee24b5c671d5c4dd9f71b44120009400000000000000000736bd5967548df729c525a39299d239388df2a74af9627356cef0f77172e643c36369ec75e9c6714f3a39d9c9c65c6a516a517d0f4f098321793385c15f618462db4ddb39b6d5ece52937295aeed77657765a4ed5c5cada2d17bad71722e2e42524dc8b8b813726e56e4dc09b92509b8197659460eceda57acdbd961c7dcce7cfd07ec329650cf88cf5b174e9c5ca72cd8c6d7766ed776e0473abf95193e9db64c44637d578557f0895caf1be1ea2fe5bf634cf9979430dcc5fae4be06aa30e2ac39ab84b5e4b2b463cdaa99f0f3e12fa43f2cf25fe6e3ee56ff00815ffad7257e723fa55bfe27c5e48c6d111870db5f45e146d33e71f87e82a38d856a34abd196753a92838c926b3a2e567a1abf19d23cbf925fe5581ff6fea33d414cef2f1aba6299988ec990001c0000000000000000072313be54e98fcb13ae71ab6f957acbe547356cb30f761b9256e2e54d0b5c5c81702c2e4c68c9aba8bb19ead27659b16a315a5bb6749f1b5ac9b2354305c5cadc5c84ac4dcadc5c0b4fd07ecf8998c12f41fb3e2672ca1462f631e2a19d4e71e5424bdb63e6d9729de937c9927f63e9a788cb385b4ead37a9b925d57a57d8db97eba6aa38ff007f0d9d1d89a6bf29fcbe7b346368dac4527094a2d59a6d330347312fa4c4a1f68f24ff00cab03fedfd467a73cb7930bfed3835ea87d467a933f6cbe431bdfabbe40005200000000000000001c5afbe55eb2f951da38d8bdf6a74c7e489cd5b2cc3dd8014054d0b1686b57d57452e00ec2663c4b7992b6bb7770986962a39bba766b5e87a4b4b150cdba777c0acf5965d55a5a40adc8b95ad5c9b9522e48c8dee1fb0d835dfa2fd86c1dd0a317b0389e51612ea3552d5b8974703fb761db29569c6717092bc649a6bd45d875e8aa2a461627e9d7153e5d96b019cb648add25ba5c6b8cf38d1f44ca1849529b8cb56b8be0947819e672a649d73a6bd728af8af035e2e1dff00de9da7fb77d3e57334cd314d53dd2fa37935fe5582ff0046ad7be33d41e67c9956c99825eba5f559e98c3db2f9bcc45b12bfaaae60002800000000000000000e2e2f7dabd31f922768e2e2f7dabd31f9227356cb30f76adc117054d09b93722e00917205c0b5c1526e0496297170323f41f4af89b46a3f41fb0db2ca1462f6008173b54d6ca1828d68d9e892d319713f03c962684a9c9c26acd707dcf6c68e52c3d2a91b4a708cd7a337249af53f51a3031f47555b726acb66344e99db97f0d8c96bfc1e1bad4fea33b871b05071c2e1e2da6d4e9abc5a945ff79c0cec94d737ae7bd4e27bd3df2000e558000000000000000071319bed5e98fc913b670f19bed5e98fc9139ab65987bb56e2e56e2e54d0b1256e2e05ae08005815240904002f395a126f52d2fd8694fca3c3ad4aa3e88c7eecdaafbcd4eacbe078196b38af1268d9bb2393c3cc6a9afb2db7ef77a8abe54afe0a5ed9cfec97dcd0c4794b8897a3b1c3a9077fdd738b621a2a9c799ed7ab4747e568ff0088f1ebe776c62329d7a9e954a8fd4e6dc7b351a8eb3e325c4a3888c46ea229a62d4f577753e93911df01847fcd4bea33d09e7b227e0309d7a5f519e84db4ecf8acd7c6afeaab98003a6700000000000000000e16377dabd31f922774e0e3b7dabd31f9227356cb30f769dc9b95b8b9534ad726e56e2e05ae2e56e4dc0b5c5ca937085ae0adc5c0b57de6a7565f03c2c9693dcd7dea7d57f03c4b5a4c59caad34f8bd7e8a9b46277c7ab1d88b17b068c9adeadd8da2ae265b1163a8a9d5df41c8df81c275e97d467a03cfe48fc0e13af4bea33d01ed61fbb1dd0f8dccfc5afeaab98003b6700000000000000000e063f7dabd31f96277cf3f8fdfaaf4c7e489cd5b2cc2dda77172b724a9a5371722e2e05ae2e45c5c0b5c5ca8b816b9372b7005eb6f53eabf81e319ecaaef53eabf81e46349bd7b95dfd879dd21369a3c7d1e9f464c44577fdbd58466b7a937d0ae6ca8c1705df1bd24bac79b38d11b3d39af8435f609725959519ad719763367660ab11fe44f046bab83da649fc0e13af4bea33d01c3c04af83c2be3a94bea1dc3e9f0bdca7ba393e533137c4abeaab98002c5000000000000000001e7f286fd57a63f244f4079eca1bf55e98fc9139ab65985bb46e2e541534ad726e56e2e05ae4dcc4aa46f6babf116ce5c6bb40bdc9b944c9b816b8b95b937032547fdd4faacf212a87adabbd4faafe0789948f27a577a3c7d1ea74645f5f87ab2b995cf31dc93c9b3d6d29ce2ca454098459f41c98ffc1613af4bea33be70325fe0709fd4a3f519df3ebb03e1d3dd1c9f2198f895fd55730005aa000000000000000003cee51dfaaf4c7e489e88f399477eabd31f9227356cb30b773c117054d2b0651a4c66affd6c0854636edd3c3a48f378dada74d9705f42b16cd44e6a02d056497116b98f351649017b8b950065abbd4fab2f81e21eb3dad4dea7d57f03c61e4f4a6f478fa3d5e8adb13be3d424dda584a52a716ea461277cece945df4bd0a2b4ad1c7f72eb2741a6d568bcdd6d285ad9d9adfa5a97ff002e79f1835cedce1e8feb511bf2973c1d1daea6b44ab413dcebcd5a2cefa2fd1c5a9e839f638ae89a77754625356cf7f92ff0384ebd2faacf4079fc97f81c27f528fd467a03eaf03e1d3dd1c9f2399f8b5fd55730005aa000000000000000003ce652dfaaf4c7e489e8cf3d94e94b64ab2cd79adc7756d1e8c51cd5b2cc3ddcab9372b7172a695ae4dcadc5c0b0b95b937026e2e45c9b812495b8b8196a6f53eabf81e3ec7b6c3d194e0ed0725749e8d1d06ff99e153519e128c73dd94b62a728397046f6ba7d297699735939cc69989b5aff00769cae768cb6a8aa266f6dbf67ceac49f4ddacc2fe5e87e8d3f01b5b86fcbd0fd2878193d8f5fcf1e5fcb57b670be59fb3e65a41f4ddaec37e5e87e943c06d761bf2f43f4a1e047b22bf9e3c8f6ce17cb3f66864cfc0e0ff00a947ea33d01ceaf414614e14e2a318d5a4d46292518a95de83a27b5874e9a629e1110f0f16bd754d5c6667cc001dab00000000000000000e6557294f114dbd708ba6b46a71b3ef3a668e368cdb8d5a693a904d38b765383d71bf03e1444a6979464dceb56c352ad2728cf63a9fc74e6ad2bfae2f4dfd68c5b512e729f795e996ad71dae75c5ce8ed44b9ca7de36a25ce53ef1a64d74f173c5ce8ed44b9ca7de36a25ce53ef1a64d74f173c5ce86d4cb9ca7de36a65ce53ef1a64d74f173c9b9d0da997394fbcb47034a1baab522d2fe15a2ff7634c9ae967c3b9430d049da539c547fd52f03a3898674251e34edd6fe17d37b1a54ef524aa396c7186f71dce73e39493d5a352376328f0cd49f4c52ec45910cf54f5b2829b247951ed43648f2a3da8e9c2e0a6c91e547b518eb6329c16ea71bf0453ce93e84811d68c6546b628c5da52ad4d74c53bcbb8de39f84a539cf66a89c6c9c6941eb8a7ae4ff999d03984cf00004a000000000000000002ad265801a75727509bbca19cf8dca4fee536a70dcd47b65e26f822c98998d9a1b5386e6a3db2f11b5386e6a3db2f137c0b41aa78b436a70dcd47b65e236a70dcd47b65e26f8168354f173b69f0dcdfee9f88da6c3737fbe7e27441368354f173b69b0dcdfef9f891b4b85d7b1fefa9e27480b41aa78b436a70dcdaf7a5e24ed561f9a5db2f137811684eaab8b476ab0fcd2ed9788daac3f34bb65e26f01683555c5a3b5587e6976cbc4b52c9f420f3a3051971a6eff1370136844cccf6a1120040000000000000000000000000000000000000000000000000000000000000000000000003ffd9, 7000, 10001, 6000, 12, 'false'),
(10002, 'phone', 'Iphone8', '128GB', 0xffd8ffe000104a46494600010100000100010000ffdb0084000906070d0f0f100d0f0e0d0f100d0f0d0f0f0d0f0d0f0f0d100d1511181615121313181c2820181a251b151523312125352b2e2e2e171f3338332d3d282f2e2b010a0a0a0e0d0e1b100f1937211e1d2b2d37352d3536312d2d372b362b2b2d37372f37382b2c2b2d2b2f2b2b2d2d2d2b2b2d2d2d3137372f2d382b2d2d2d2c2d2bffc000110800e100e103012200021101031101ffc4001c0001000203010101000000000000000000000108040506030207ffc4004910000201020104091106050403000000000001020311040512213106345461737493b2d113151622334151537181829194a1b3c2d20714324252b123247292c162a2c3f0446364ffc4001a010101010003010000000000000000000000010403050602ffc400281101000201020406020300000000000000000102110304122131713233344151f01372051422ffda000c03010002110311003f00fdc40000000000001898aca985a2f36ae230f49f82a56a707ea6cf0ec87276eec17b551fa80d9035bd90e4eddd82f6aa3f50ec87276eec17b551fa80d9035bd90e4eddd82f6aa3f50ec87276eec17b551fa80d9035bd90e4eddd82f6aa3f50ec87276eec17b551fa80d9035bd90e4eddd82f6aa3f510f64593b7760bdaa8fd406cc1acec87276eec17b551fa8764393b7760bdaa8fd406cc1acec87276eec17b551fa8764393b7760bdaa8fd406cc1acec87276eec17b551fa8f5c3e58c1d579b4f1586a927f9615e9ce5ea4c0ce0000000000000000000000003f2ffb4fd9a56a752593f09374dc147ef15a2ed3ce92baa70977b46b6bbfa3459a7fa815bb641573f17889cdbb4f198972f0a59fa7fc81a99d5d3db49de4efa65a5b26e73b89cc954a8eb4a4a5d56a2b25aa9afc36ded7eef09b7c254a8f0d4a5652a8e2eea52b26b3da8b6ffa6c54cb2ee2e761b15c26499e0ea4b152a7d56f3cf73a99b5210b76ae9abfed7bbd1bc71a9932fac3eae2e7c8b951f57173e45c0fab90e6d77dfad9173e1b03172bbc475375a957af1705db463566a2e2bbe95ec9aded16bf80e7baef8bdd388e5a7d275f4a29c669ea6b4f9ef17ee93388cf8fe85fdcc8323aef8bdd388e5a7d23aef8bdd388e5a7d261bf56f10066f5df17ba711cb4fa4fba796b18bff22abde9cbaa47d52ba35e00fdc7ec8fed1eb4aa47078a9395394a104db6fa9ca4ed1945bd2a37b271d4b5ab24d3fdc8a75b0f9dab54d2d25464f46bfc71575bf66fd65bfc15473a54e6f5ce9c24fcae2981ec00000000000000000000568d906d8c471ac4fef12cb959f641b6311c6b13f281a7ab85a7279d28a6fc3647b2201448200120800482086c049904003230daa5e87391c54b0734da764d369a77ba7df4ced30aff0017a1cf473789ab9f39ced6cf9ce56f05db6588cb9b474e2f9cb5df7596f7ac7dd65bdeb33417861cff00d7a3168e02a4e4a31b36f7cf4964aacbf4ff0071bbc9b4b369ba8f5cee97f4a7a7dffb113671e79e21bb4ff8dd39a45ad9e7f7e1e7b13a3286267195afd46fa1ff00ed816db26770a3c152e622a8e41db92e03fe5816bb26770a3c152e622ba8d6a452f358f696480038c00000000000000002b165aa8e55aacdacd72c456938def66d45dafdf2ce95832bbfe2d4e1aaf3605184080048200120f9b9b1ca5926a61a146755c54b11194d5257cf8415ace5e0bdf56f01afb9f370d900482001938457ce5e1cce7a399a90716e2f5c5b8bf2a763a6c0eb7e5a7cf473b8d7fc5a9c254e733eaad5b6eb2f12526f42d6f42f29064e4d86756a6bfd59dfdbdb7f82cce232d95af15a23e5b6c44545460b54128fa9189232b14f4b316467af47797ae3943d320edc9701ff002c0b55916a396170f36b35cb0f424e374ecdd34ed7ef955b20edc9700be2c0b51905ff002986e2d87f868e4794dcf9d6ef2ce0007000000000000000000563d90452c4574924962710924ac9259b6491670ac9b23db388e3588f940d5800a0010c0fd53276c53054e8c69d4a34eacdc5754a93579395b4e6bfcabc87e7bf68394e94b170c0e12c9d197f1f13294aad595449ff000b3e4db718abe8bdafe43a7cbbb39851c990ad4e4bef75a3d4630d19d4eb28a53a8d7815d35e1ce8ef9f8dd2954751359cea395eeeee4e4fbeee07540f95bfafbf6d572409040032706af9cbc399cf4737560e32945eb8ca516f7d3b1d2e035bf2d3e7a39ec63bd5a8fc352a3ff732c356dbacbc4cfc86af5bc909bf75bfc9806c720f767c1cff00c1353c32ec76fe6d7bc332beb67848c9aeb4b31e48e0acbbcd487d642db92e017c5816b325452c3d04924951a2924ac92505a122a9e43db92e2fff002c0b5b933b851e0a97311cb1d1e4375e75fbcb240056700000000000000000ac7b237fcce238d623e52ce158b649b6711c6b11f281abb8b900a26e2e410d80767e6d4468d7dff0f7c002410009040032709f9bd0e7239a474983fcde87391cda2c356dbdd26764495b110ff567c7d716609e985ab995213fd138cbcc9e925a335986ed2b70de2df130df6263a598d246c31d0b48c19a3256793d2dea8c89b725c5d7c5816b326770a3c152e622a9e45dbb2e2ebe2c0b59933b851e0a97311a6bd1e2f79e7dfbcb240056600000000000000000ac3b257fcce238d623e52cf158364db6b11c6b11f281abb8b9f22e512d9045c0120800482001208006560ff37a1ce473963a2c17e6f439c8e6e9e2e9cb43bc1eff006d1f5a2c4e1a76d6ac673387d107aca9e8bab34f534ee9f9cf3656c9874f87a9d570f4e7df4b325fd51d1fb59f9cc69a3c763b88eda541eaa9db43844b579d7ec8cdaf4eccc568e1b4c3d2ed353f2e8c4fbc31723edd97175f1605abc99dc28f054b988aab9276ecf8baf8b02d564cee14782a5cc468af4878fdefa8bf7964800fa6500000000000000000abfb26db588e3588f94b4055ed93edac471ac47ca06a88b900a241000904002410009040032b05f9bd0e7238a3b4c17e6f439c8e2c0f6c3e22507a1e87ae2ff0bf29b18ca338e7c7cebbf17e03507b61abb84afad3d128f8511a3475b8794f467c64e2d493b38b4d35ad35a99d553aaabd2555593d538afcb35afcddff0039cc4d2694a2eea5a5332f2363ba8d4b4bb9d4b467bde0979bf6b9f1ad4e2ae63ac3bad96e3f0ea627c33f72cfc96bf9e9f175f1605a8c99dc28f054b988ab986866e519affe78fc48168f26770a3c152e622d3c30ea37fea753f6964800fa6400000000000000000abbb28db588e3588f94b4455cd946dac471ac47ca06a4100a241000904002410009040032f03f9bd0e7238b3b3c0eb97a1ce47180000419582c4e6f6b2fc12ff6bf099b5216ff00ba2c6a0cbc263335664eee3defd51f26f6f16270d5a1ad11fe6cdfec76aca78a79cef9b86504fbf9aaac2c5b0c99dc28f054b988a9bb197178a938b4d3a1ad70b02d964cee14782a5cc4470eace6f32c9000718000000000000000055bd94edac471ac47ca5a42adeca76d6238d623e5035008051208004822e0090400241000cbc06b97a1ce471a76380d72f439c8e380000800003a1d86f779702fe2c0b73933b851e0a9731151b61bdde5c0bf8b02dce4cee14782a5cc406480000000000000000000156b655b6f11c6b11f29694ab3b2adb788e3588f940d402014482001e2a92b7e2d3a74ea2731febf7bd77bdcfb7e47ee0bc9fb0134d34acddf7cfa2001208006664fd72f439c8e38ec327eb7e87391c780065e07013aca798e37824f35df3a57bea496f6b7a168b9f71c918a76fe14b4dac9b8a6ef1ced09bf069f3320c106c2191b12ddb32da24d3ce52ba4afa146edeb4aebbed18989c3ce94b3271719593b687a1f7ee80de6c37bbcb817f1605b9c99dc28f054b988a8db0deef2e05fc5816e726770a3c152e62032400000000000000000000ab3b2bdb788e3588f94b4c558d95edbc471ac47ca069c100a2410005c8912009408004820019993b5bf439c8e40ebb276b7e87391cb54a6e3ad45efa9292f5a604d0c4d4a6a4a139454d5a5676baffadfad9ef4f2ae2632ceeab36ef7779369f6cde9f3ca5eb6625f797bc5f797bc8332795f12d25d566ace5a5369bba4acdf83418b5eb4ea49ce727293efb3e6fbcbde2fbcbde06ff61bdde5c0bf8b02dce4cee14782a5cc4545d86bfe627bd45fc5816eb26770a3c152e62032400000000000000000000ab9b34a12a78dc4d392b6662b136fe972d0fced48b467e61f6a9b00a98b93c760e39d56cbab515ae79aaca71f0bb24adaf468efa61f8683231393f114a4e1528d58ca3ae2e12ce5e55def39e5f77abe2aaf253e828f807dfddeaf8aabc94fa07ddeaf8aabc94fa00f807a7ddeaf8aabc94fa07ddeaf8aabc94fa00f307a7ddeaf8aabc94fa07ddeaf8aabc94fa00f307a7ddeaf8aabc94fa09586abfa24b7e6b317ae56407ae064967c9ea51bbf224e4fdd16737818294ed25dae65472de4a2ddfd763a2c660b12a0e9d2a4e6ea2ede774a2a3fa63769b7aaef7ade1356b23e3945c1519252b6724e1a6da9377bdb780d48365d61c678897f743a4758719e225fdd0e920d68365d61c678897f743a4fba5b1dc64a4a3d4ace4ecb3a705fe74f980cad875372ad5159bbd1946cb5b79d1765e68b2df60e93853a707ae10845f954523f1dfb26fb34ab4271c662e2e2a2e338c2517194e71778f6af4a8a7677766da5a2daff0068000000000000000000000043448031eb60e94ff1c213fea8a97ee783c8f85f11479287419e00d73c8984dcf47938f411d63c26e7a3c9c7a0d90035bd62c26e7a3c9c7a0758b09b9e8f271e836400d54b63b827af0f47938f41f1d8d6077350e4a3d06e001a7ec6b03b9a87251e83ea3b1cc12d587a3c9c7a0db00359d61c1ee7a3c947a0758707b9e8f251e836600d6f58b09b9e8f271e825644c26e7a3c9c7a0d880301646c2f88a3c943a0f6a380a3077853a717e18c2317ee324010912000000000000000000000000000000000000000000000000000000000000000000000000001ffd9, 23113, 10001, 2321, 12, 'false'),
(10004, 'phone', 'Iphone8', '256GB', 0xffd8ffe000104a46494600010100000100010000ffdb0084000906070d0f0f100d0f0e0d0f100d0f0d0f0f0d0f0d0f0f0d100d1511181615121313181c2820181a251b151523312125352b2e2e2e171f3338332d3d282f2e2b010a0a0a0e0d0e1b100f1937211e1d2b2d37352d3536312d2d372b362b2b2d37372f37382b2c2b2d2b2f2b2b2d2d2d2b2b2d2d2d3137372f2d382b2d2d2d2c2d2bffc000110800e100e103012200021101031101ffc4001c0001000203010101000000000000000000000108040506030207ffc4004910000201020104091106050403000000000001020311040512213106345461737493b2d113151622334151537181829194a1b3c2d20714324252b123247292c162a2c3f0446364ffc4001a010101010003010000000000000000000000010403050602ffc400281101000201020406020300000000000000000102110304122131713233344151f01372051422ffda000c03010002110311003f00fdc40000000000001898aca985a2f36ae230f49f82a56a707ea6cf0ec87276eec17b551fa80d9035bd90e4eddd82f6aa3f50ec87276eec17b551fa80d9035bd90e4eddd82f6aa3f50ec87276eec17b551fa80d9035bd90e4eddd82f6aa3f50ec87276eec17b551fa80d9035bd90e4eddd82f6aa3f510f64593b7760bdaa8fd406cc1acec87276eec17b551fa8764393b7760bdaa8fd406cc1acec87276eec17b551fa8764393b7760bdaa8fd406cc1acec87276eec17b551fa8f5c3e58c1d579b4f1586a927f9615e9ce5ea4c0ce0000000000000000000000003f2ffb4fd9a56a752593f09374dc147ef15a2ed3ce92baa70977b46b6bbfa3459a7fa815bb641573f17889cdbb4f198972f0a59fa7fc81a99d5d3db49de4efa65a5b26e73b89cc954a8eb4a4a5d56a2b25aa9afc36ded7eef09b7c254a8f0d4a5652a8e2eea52b26b3da8b6ffa6c54cb2ee2e761b15c26499e0ea4b152a7d56f3cf73a99b5210b76ae9abfed7bbd1bc71a9932fac3eae2e7c8b951f57173e45c0fab90e6d77dfad9173e1b03172bbc475375a957af1705db463566a2e2bbe95ec9aded16bf80e7baef8bdd388e5a7d275f4a29c669ea6b4f9ef17ee93388cf8fe85fdcc8323aef8bdd388e5a7d23aef8bdd388e5a7d261bf56f10066f5df17ba711cb4fa4fba796b18bff22abde9cbaa47d52ba35e00fdc7ec8fed1eb4aa47078a9395394a104db6fa9ca4ed1945bd2a37b271d4b5ab24d3fdc8a75b0f9dab54d2d25464f46bfc71575bf66fd65bfc15473a54e6f5ce9c24fcae2981ec00000000000000000000568d906d8c471ac4fef12cb959f641b6311c6b13f281a7ab85a7279d28a6fc3647b2201448200120800482086c049904003230daa5e87391c54b0734da764d369a77ba7df4ced30aff0017a1cf473789ab9f39ced6cf9ce56f05db6588cb9b474e2f9cb5df7596f7ac7dd65bdeb33417861cff00d7a3168e02a4e4a31b36f7cf4964aacbf4ff0071bbc9b4b369ba8f5cee97f4a7a7dffb113671e79e21bb4ff8dd39a45ad9e7f7e1e7b13a3286267195afd46fa1ff00ed816db26770a3c152e622a8e41db92e03fe5816bb26770a3c152e622ba8d6a452f358f696480038c00000000000000002b165aa8e55aacdacd72c456938def66d45dafdf2ce95832bbfe2d4e1aaf3605184080048200120f9b9b1ca5926a61a146755c54b11194d5257cf8415ace5e0bdf56f01afb9f370d900482001938457ce5e1cce7a399a90716e2f5c5b8bf2a763a6c0eb7e5a7cf473b8d7fc5a9c254e733eaad5b6eb2f12526f42d6f42f29064e4d86756a6bfd59dfdbdb7f82cce232d95af15a23e5b6c44545460b54128fa9189232b14f4b316467af47797ae3943d320edc9701ff002c0b55916a396170f36b35cb0f424e374ecdd34ed7ef955b20edc9700be2c0b51905ff002986e2d87f868e4794dcf9d6ef2ce0007000000000000000000563d90452c4574924962710924ac9259b6491670ac9b23db388e3588f940d5800a0010c0fd53276c53054e8c69d4a34eacdc5754a93579395b4e6bfcabc87e7bf68394e94b170c0e12c9d197f1f13294aad595449ff000b3e4db718abe8bdafe43a7cbbb39851c990ad4e4bef75a3d4630d19d4eb28a53a8d7815d35e1ce8ef9f8dd2954751359cea395eeeee4e4fbeee07540f95bfafbf6d572409040032706af9cbc399cf4737560e32945eb8ca516f7d3b1d2e035bf2d3e7a39ec63bd5a8fc352a3ff732c356dbacbc4cfc86af5bc909bf75bfc9806c720f767c1cff00c1353c32ec76fe6d7bc332beb67848c9aeb4b31e48e0acbbcd487d642db92e017c5816b325452c3d04924951a2924ac92505a122a9e43db92e2fff002c0b5b933b851e0a97311cb1d1e4375e75fbcb240056700000000000000000ac7b237fcce238d623e52ce158b649b6711c6b11f281abb8b900a26e2e410d80767e6d4468d7dff0f7c002410009040032709f9bd0e7239a474983fcde87391cda2c356dbdd26764495b110ff567c7d716609e985ab995213fd138cbcc9e925a335986ed2b70de2df130df6263a598d246c31d0b48c19a3256793d2dea8c89b725c5d7c5816b326770a3c152e622a9e45dbb2e2ebe2c0b59933b851e0a97311a6bd1e2f79e7dfbcb240056600000000000000000ac3b257fcce238d623e52cf158364db6b11c6b11f281abb8b9f22e512d9045c0120800482001208006560ff37a1ce473963a2c17e6f439c8e6e9e2e9cb43bc1eff006d1f5a2c4e1a76d6ac673387d107aca9e8bab34f534ee9f9cf3656c9874f87a9d570f4e7df4b325fd51d1fb59f9cc69a3c763b88eda541eaa9db43844b579d7ec8cdaf4eccc568e1b4c3d2ed353f2e8c4fbc31723edd97175f1605abc99dc28f054b988aab9276ecf8baf8b02d564cee14782a5cc468af4878fdefa8bf7964800fa6500000000000000000abfb26db588e3588f94b4055ed93edac471ac47ca06a88b900a241000904002410009040032b05f9bd0e7238a3b4c17e6f439c8e2c0f6c3e22507a1e87ae2ff0bf29b18ca338e7c7cebbf17e03507b61abb84afad3d128f8511a3475b8794f467c64e2d493b38b4d35ad35a99d553aaabd2555593d538afcb35afcddff0039cc4d2694a2eea5a5332f2363ba8d4b4bb9d4b467bde0979bf6b9f1ad4e2ae63ac3bad96e3f0ea627c33f72cfc96bf9e9f175f1605a8c99dc28f054b988ab986866e519affe78fc48168f26770a3c152e622d3c30ea37fea753f6964800fa6400000000000000000abbb28db588e3588f94b4455cd946dac471ac47ca06a4100a241000904002410009040032f03f9bd0e7238b3b3c0eb97a1ce47180000419582c4e6f6b2fc12ff6bf099b5216ff00ba2c6a0cbc263335664eee3defd51f26f6f16270d5a1ad11fe6cdfec76aca78a79cef9b86504fbf9aaac2c5b0c99dc28f054b988a9bb197178a938b4d3a1ad70b02d964cee14782a5cc4470eace6f32c9000718000000000000000055bd94edac471ac47ca5a42adeca76d6238d623e5035008051208004822e0090400241000cbc06b97a1ce471a76380d72f439c8e380000800003a1d86f779702fe2c0b73933b851e0a9731151b61bdde5c0bf8b02dce4cee14782a5cc406480000000000000000000156b655b6f11c6b11f29694ab3b2adb788e3588f940d402014482001e2a92b7e2d3a74ea2731febf7bd77bdcfb7e47ee0bc9fb0134d34acddf7cfa2001208006664fd72f439c8e38ec327eb7e87391c780065e07013aca798e37824f35df3a57bea496f6b7a168b9f71c918a76fe14b4dac9b8a6ef1ced09bf069f3320c106c2191b12ddb32da24d3ce52ba4afa146edeb4aebbed18989c3ce94b3271719593b687a1f7ee80de6c37bbcb817f1605b9c99dc28f054b988a8db0deef2e05fc5816e726770a3c152e62032400000000000000000000ab3b2bdb788e3588f94b4c558d95edbc471ac47ca069c100a2410005c8912009408004820019993b5bf439c8e40ebb276b7e87391cb54a6e3ad45efa9292f5a604d0c4d4a6a4a139454d5a5676baffadfad9ef4f2ae2632ceeab36ef7779369f6cde9f3ca5eb6625f797bc5f797bc8332795f12d25d566ace5a5369bba4acdf83418b5eb4ea49ce727293efb3e6fbcbde2fbcbde06ff61bdde5c0bf8b02dce4cee14782a5cc4545d86bfe627bd45fc5816eb26770a3c152e62032400000000000000000000ab9b34a12a78dc4d392b6662b136fe972d0fced48b467e61f6a9b00a98b93c760e39d56cbab515ae79aaca71f0bb24adaf468efa61f8683231393f114a4e1528d58ca3ae2e12ce5e55def39e5f77abe2aaf253e828f807dfddeaf8aabc94fa07ddeaf8aabc94fa00f807a7ddeaf8aabc94fa07ddeaf8aabc94fa00f307a7ddeaf8aabc94fa07ddeaf8aabc94fa00f307a7ddeaf8aabc94fa09586abfa24b7e6b317ae56407ae064967c9ea51bbf224e4fdd16737818294ed25dae65472de4a2ddfd763a2c660b12a0e9d2a4e6ea2ede774a2a3fa63769b7aaef7ade1356b23e3945c1519252b6724e1a6da9377bdb780d48365d61c678897f743a4758719e225fdd0e920d68365d61c678897f743a4fba5b1dc64a4a3d4ace4ecb3a705fe74f980cad875372ad5159bbd1946cb5b79d1765e68b2df60e93853a707ae10845f954523f1dfb26fb34ab4271c662e2e2a2e338c2517194e71778f6af4a8a7677766da5a2daff0068000000000000000000000043448031eb60e94ff1c213fea8a97ee783c8f85f11479287419e00d73c8984dcf47938f411d63c26e7a3c9c7a0d90035bd62c26e7a3c9c7a0758b09b9e8f271e836400d54b63b827af0f47938f41f1d8d6077350e4a3d06e001a7ec6b03b9a87251e83ea3b1cc12d587a3c9c7a0db00359d61c1ee7a3c947a0758707b9e8f251e836600d6f58b09b9e8f271e825644c26e7a3c9c7a0d880301646c2f88a3c943a0f6a380a3077853a717e18c2317ee324010912000000000000000000000000000000000000000000000000000000000000000000000000001ffd9, 7120, 10001, 31231, 12, 'false'),
(10005, 'phone', 'Iphone9', '128GB', 0xffd8ffe000104a46494600010100000100010000ffdb0084000a070812111111120f110f0f0f0f11110f0f110f11120f100f0f18141a19181418181c212e251c1e2b1f18182638262b2f313536351a243b403b343f2e343631010c0c0c100f101f12121f312b212b353831343434313a36343d3d3435333435313f31343631343431343f36363431343434343434343f38343131353431313431ffc000110800e100e103012200021101031101ffc4001c0000010501010100000000000000000000000104050607030208ffc40052100001030200050b100805010803000000010002030411050612213107134151525361717292b4141622323435425473748191a1b2d1d21562939495b3c1e11723a2b1d3a42436638284a3c2f0253344ffc4001a010100030101010000000000000000000000020405010306ffc4002b11010002020005030206030000000000000001020311041221518113313205221423416171913342c1ffda000c03010002110311003f00d6922548805193e1fa38dc58ea88dcf6f6cc8c999ed3b45ac0485115464c2351240d73a3a0a67eb7296920d54a034bda48f01b941a5b7ec9d940821a41eb84aab06e0d6c71cef8e373ecd8a2c92e36bdae18d1d8b786c0040f7ae6a4dd4fe8a4ab3ff823ae6a4dd547dd2b3fc696826a59890c8d994348c9ce38c6c27fd4316f71f34208feb9a937551f74acff001a3ae5a4dd547dd2afe4521d4316f71f3423a862dee3e68411fd73526eaa3ee959fe3475cd49baa8fba567f8d3fea18b7b8f9a11d4316f71f342061d73526eaa3ee959fe3475cb49baa8fba55fc89ff50c5bdc7cd08ea18b7b8f9a1030eb9a93753fdceafe45d21c60a47b9ac1306bde7258d959242e73b6807b45ca72fa3880ff00eb67342c9b545c34fb48d85dd4f4ac7ba1018d21d57232d965ce1a18d739acb78472f725069d2e32d1b5ce609db2bd999eca764952f69e111b5d65e3ae5a7deebbf0facf917ccaec27396e46bd288c68635ee6b071341b2e1d50fddbf9c507d43d72c1bdd77e1f59f223ae5837baefc3eb3e45f2eebefdd3b9c51afbf74ee7141f5175cb06f75df87d67c88eb960deebbf0facf917cbbafbf74ee714bafbf76fbec764507d43d72c1bdd77e1f59f223ae5837baefc3eb3e45f2eebefdd3b9c51afbf74ee7141f5175cb06f75df87d67c88eb960deebbf0facf917cbbafbf74ee7146befdd3b9c507d47d73d18b6b92be9c12003530cd4cd24e8177b4052d1c8d7b4398e6bd8eced73087348e0217c9d0e12a88fb49e6603a436478046d117b10aeda9ee314f4ee7bd9217c4cbbea29add8c9134173dec1a1af6b039f9b4863b685c37d42f1148d7b5af61ca63da1cd2365a45c15ed00842100826d9ce603392740084845ee0e7041041d9082b78824f51b4bc10f74b3bdf942c729f5950f048e10e69e2216378e72c8fc255c6727284ce6589cfad340c86b76aecb11b1772d8f108e5d0b4bae4b8ca1c4e936a99da2e789a07a02638d38910d6bf5d7eb91cd600cd064dded1a03da410eb6c1d3e8cc829d88785e492ba8d8dca25d94d906dc6187289f486fad6bac7c9ae96eb6cd603039b26b977993288c8c8b68c9b1cabaace29628c383cb9f1873e67b721d34c5a5e19b2d60680180e6e1cc2f7b056c68b20690655dae2f90bc9fe635dda0cd7200d0db706d0bdd3d4217223404210ba0421220638466c968b9b0b8b9398017d2b05c7b79d6e99b7f032dcdda91f3d43dd71b04e5dfd216e586de1acca70ca6b7b22336703390b10c788ae291b7cef8d81ced24bb5d99b73b7980f52ec46e75028d6459493b05dbc3fe9fdd79fa37eb7f4feeac7e172f679fab4ee8f5d35d393939ad7be8ce9dfd1df5bfa7f747d1ff005bfa7f75cfc2e5ec7ab5ee621174f0d01dd7b3f749d45c3ecfdd4670648fd1df52bdcd728af29d7527d6f623a93eb7b173d1bf6779ebdcd509d752f0fb1275370fb13d1bf639ea6cad7a9e4d915b1dc86b4b98d71360325cf0c75eff0055ee1e955cea6e1f62b2620c4061085aeb381920b823311afb3310a36a5ab1b98762d13ecde312dce3836872af94da68d8e0ecce0e68c9208d8208b29b50588ce270650b9c4973a998e7139cb9c45c9276492a7941d2212a102210b954ce2363e47025b1b1cf205ae4345ff4415dd4f7b819ca9ba5542b3aacea7e2d42ce074c3fd5542b3204b25421008421008421009108411386e3cb6641240790c246900e6bfb56278e26e680edc719ff00bd32db30dcc18ccb39c30871e1b158ae37b6cea069d219183c626994f1fce3f9872ded28b7b1707313c785c5c17d2cd6197126e5abcd97572f2579cd6128973b24217b29179cd5ddb9162f2e62ee90af39a427169362d5e485dded5c885e56ae938973b29fc44ef943e520fcf628353b88bdf283ca41f9ec5573c7daf6c7eedc3113bd583fcd62f754faad6a7b307e0ba30058c70c71bb84eb6c7dfd4f0acaa93d8210840898e1bee4a9f212fb853e4db0840648668da407491bd8d2740739a40bfad041e20f7137973f4ba8565559c4037a161db7cc7fd5d42b32010848804a9108150912205421082bf8d4efe4bf8bf5592e36c65d3d0346976b6d1c66a265aee30c25ecc806c5e43413a012564b87dd955382ce8ca301b6d5ea6652acead128dbe3265534e5a4822c4662368a64f6abae15a21234b80ecda39c36954a7658afa4c196b969b8f7fd59513bea62e0b9109cbc2e2e0a7354a25cc848ba2f24284d52dbc22cbd5925979cd5ddbcd972735765e246af2bd7a255970214e622f7ca1f2907e7b14210a6f11fbe3072e0fcf62a3c4c7dab38be4d8f535ef6c3c98ba342ad8ab1a9d425983294923f9914520b6c0d698cb1e65fd2acea83dc21084088421056753eee0672a5e9550accab3a9f77033952f4aa8565402122102a4ba12205ba2e92e8ba054148841078caf2c89ce69b39a2e0ed1baca30f33fdab05b4680e840e2ea9996a58d67f92fe2fd566186c5eb7050ff89074a9911b7c65687b2caa18669f224781a09ca1c473abe4f12aa632c36731db6d23d47f75a9f4ec9f99cbde18f1d2555785c9c1397b571705b56aa712e364965ec84965e73093cd9210bd5916509abbb7921216e65ec8496509abbb357053388fdf2839707e7b144c8db1f6a97c48ef941cb83f3d8b338b8d57cad619eadbb113bd583fcd62f754fa80c44ef5e0ff00358bdd53eb3964210840244a91056353dee0672a6e9550accab3a9ef703395374aa85664088414850050848502a2e9236171b7af8020e9206717b5d02a0a021043e1960764870bb5ce68236c139d651547fdbb02795a4e932ad730af81cb67bc164553ddb813ca5274995069f84286d77b0763b2373fb2a6e34c1d830fd670f60f82d2555b1bf06de26ba317b3ee5bb3da9d1f056783b72e7aca8e7c1afba19648c4ddcd52b3c3625337c6beab5b5389322d5e484e5ec5c8b179daa9c4b959259742d4965e7351e2c917bb24b28cc3bb7295b71c5fd948e248ff00e4a0e5c1f9ec4caca43139b6c2705b7707e7b56771f5d537fbad70f6eba6d7887deac1fe6b17baa7d40621f7ab07f9ac5eea9f58eb810842012254882b1a9ef703395374aa8566559d4f7b819ca9ba5542b320429129488029ad5cc5b60dcc5db3a6c13a298d7b33b5db19dbfaa07983cb5ececae5cd392ece45c6917b7fee65daa1ad16c9163c1a2ca32824c9791b0f163c63383fdfd6a464cf9fd083c04a90254119857c0e5b3de0b22a9eeec09e528fa4cab5dc2be072d9ef059154f77604f2947d26541b3261865978b92e07d1623f509fae753165b1cddb19b8f485e98edcb789432c735263f667d84307b24b9b64bf743678c6caaf5560e732f9ae36c670aeb550904dc28d998be8b0e598862ef4a6be25c1f1ab354d2b5da458ed8cca327a3234671ed572b6894a250ce62e6e6a909234d9ec49aed2893621259747357921794d52dbc10a43147be7072a0fcf6a62427f8a5df383954ff9ed59df508fc9f30b1c37cdb4621f7ab07f9ac5fd94fa80c43ef5e0ff00358bdd53eb0d7c210840244a91056353dee0672a6e9550accab3a9ef703395374aa85662810a1084085787b03810741f670af6840d5948067ca75c67073664e52a1008421046615f0394cf7964553ddd813ca51f49956bb853c0e5b3de591d4f77604f2b47d26541b284a808ba08ec2543ae02e60ecb646eb878d566a21b2bba87c2d4433c8d198f6c368edabdc2f11313cb6f0a3c4e0ff6af953e78d31918a6e78947cd1adaa5d9e88a8a70ed1a7fba8c962b29d7b1369a10ee3566b64a2504f62e2e6a929a021367b14e62252d9a64a798a5df483954ff009ed5c9d1aef8ac2d8560e383f3dab33ea75d61f30b5c37cfc366c44ef560ff00358bdd53ea03113bd783fcd62f754faf9e6804210804895214158d4f7b819ca9ba5542b32acea7ddc0ce54dd2aa159902212a440884a840884210082108210476141999cb6ff0070b22a8eeec09e5297a4cab5dc27a19cb6fbcb22a9eeec09e5293a4ca8365084210091c2e2c45c1cc46d84a8415ac2b4390736769ce3e0a1268d5eaa611230b4ece8e02aa7571589b8ce331e35adc2669b46a7de195c4e1e4b6e3da5033469ab8295998983d8b569657367b01cc45d349293729fb9abc90bd62ceed10fa7234821262f36d85a9ffe9fa4354ba63833bf14fc54ff009e151fa9db787cc2d7093f7f86b1889deac1fe6b17baa7d4062277ab07f9ac5eea9f5f3ad2084210090a5485056353eee0672a6e9550accab3a9f7703395374aa8566402108408842102212a1022108411b84fc0e5b7de0b23aaeeec09e5693a4cab5cc27e072dbef0591d5777604f2b49d26541b284202100842e534ec676ef6b39440f623933111b97551186292fd981a733b8f60ae92e1a85bdae5bf92db0f6d935970e070235bbb48b764ffd97a62c934b6e14f3e6c36acc4cff00d41cf1a632c69dd4d7d9d67b336c16baf71c4579696bc5d86e367608e30b73166ada3a4b322f599d44a31d1ae663524f8972744ad56e9a3cb147e0e16c314fc54fd2029c31286a56db0d53f269fa4054bea16de1f30b3c1ff93c353c44ef5e0ff358bdd53ea03113bd783fcd62f754fac26a04210804895220ac6a7ddc0ce54dd2aa159556753eee0672a6e9550acc8042108042442010842010508411d84fc0e5b7fb859154f77604f2b4bd2655ae613f0396df782c6b0d66a8c136cc6f4fa3ce255dac6e74e5a75132d7aaf0bc31920bb2de34b59d958f09d0143d5e356476ac683b196e2e3ea16b7ad56ab6ac33b16f6db3f57f750efa8b937372b46386a474d6e58f938ccb6f8f4592ab1aaa5f70d7b631f51a01f59b9518ec2521372fb93a490092a24cc935d528e1ebd956d392dd6d3329a66133e10078b314fe1aa6bfb53e8d90aae245da3988208362a17e1e27d90d4c2ccf01e2c7d1b60a64e89f1bb29bebd208da29292ac3c67cce1a46da7f1bd578b5b14b96aefac3b41691b94de270d969da43a9f8174a27318f0e2dbb4e6786dc5c7c558c60e89e039a5d92e170411623d4acd38daebaed6f0639cb1d35b8550c1c0ab9936c394c3ea537485a63b043361ce1c601540c2d4fade1fa66837fe5529bdadffe92a1c47135c94e58eebdc3e1b52fbb4745ff00113bd583fcd62f754fa80c44ef560ff358bdd53ca82f1509108152254882afa9f7703395374ba8566559d4ff00b823e54dd2aa1595008421008421008421008424411b84fc0e5b3de0b17c6293264c18e1a5a2123d13ccb69c27e072dbfdc2c471b0d8e0fe08e3fce994e9f28fe51b7c64e27a924937b939ca6ce95357cabc65afa2ae2d31e31e8ef5c5e8489a35eba35cbb3426a74d7aeac7a66d2bab5cbcad579daa7f14841041b10a6e8ea83f4e676c8dbe155b63d398a420823310aae5c5168794c696c8dea6f03610c83adbcf607b527c076d711550a3ad06c1d99db7b054ac6f59792935976992d8ed1685ed66b8c3fef152f90a4e9255b305614c9b4721ec7435c7c1e03c0aa78c3fef152f90a4e92541b9873572d771fd2f1889deac1fe6b17baa7940e2277ab07f9ac5eea9e47b042108157971b0240b9009006939b42f484158c44686d135ad707b5ae92cf6f6aebcf338db88b8b4f0b4ab1aade218c9a47467b7866aa8de36439b5739f75ec3ff0030564402122102a122100845d0804212208dc2aeb006c5d670200d2eb1d03856198f6e21b4a05c6b7131ad78cc1fd9caeca69dab9b71b4adcf0abac01da703ea2b0ec798c9869ddb8d720768be5c75350d77b1d19e278414fea97eedfce293aa64ddbf9c571429f3dbbcff006e6a3b3b754c9bb7f38a5eab937c939cef8ae284f52fde4d476396554a4801f2124d800e75c9f5aecf9246e635163b9123dc7d62edf6a64d06c48d8d3c45785ce7b779351d8edd5730d324a364766ed1b633a4fa426dfa5fb477c578cb263c922ed6b810eb76a483717e1b5edc0b82735bb9cb1d8efe919f7e9bed1ff15d0618aa1a2a6a0714b27c5304ab9333272c76487d3757e3555f6f27c54ee25574b261085f2ba5a87b5d086e538c8fc913308682e3a339cdc2aa2ad7a9f10dac123886b216995ee3a1ad8dae949f546570d447b4378c4a606e0da3687078640d607b7b578692039bc06d71c6a714362740e8f06d0b1e2ce6d2c41c368e485328e8421080424b2f25a76c84153c2b14983aa9f590b1d2525410eab630173a19035add70340b9616b45eda0b41b1cea52871869a6607b24639a76410e6f3866528f85e7448e1ff002b4aaf57e24d2cef323dac6c874c91b191bcf1b9a104bfd290ef8ce7047d290ef8ce7055b3a9dd3eff005438a5724fe1dd3f8c55fda94164fa521df19ce08fa521df19ce0ab9fc3aa7f19acfb5281a9d53f8cd67da20b1fd290ef8ce7047d290ef8ce7055efe1e53f8c55fda15e4ea754fe3359e891058fe94877c673823e93877c67382ae7f0e69fc66b7ed11fc39a7f19adfb4412d846ba17b080f67382cab1bb071975c7c167b1dd9cd1b4073d8f0d0dd75a0672d21adcab6cb1a76ad7f3a9cd3f8cd6fda0f82f31ea6f48d7b5e269cbda439ae7361796b867041730d8a0c1dd81ea2d94d864918743e269919eb6dedc473a6e6866dea51c71b87e8be899310e9def323a5975c7697b19042f3e9631a52f58b178dd7fa2a241faa0f9d7a8a5dea4e6391d452ef52f31df05f45f58d178d57fde1ff0014758d178d57fde64f9907ceeca599b7b4526705a6f1b8dc1f42e90d09b8cb8ea00bf641b1651b701242fa10e2345e355e38454c99bdabcf5891f8e610fbc39060d841d23dac8a2a6921822b96b2ce7b9cf70195248fb0ca71b01a00000000cf78fea1977a9798ef82fa2db88d16cd5579e3a993f4297ac787c66bbef32fcc83e73ea1977a9798ef823a865dea5e63be0be8ceb221f18adfbd4df323ac887c62b7ef337cc83e7a8b0454b85c53cd923397b98e6b1a36cb8d80f49575d4f71566aa796f694b94d35328199ec0e0ed698ed9b968bdb616a2dc45a4b873f2e52d371afb8cf63b7d992a7a9e8b21a1ad7b835b9835a18d681c00040edad0000058000003600d012ae6d611e113c765e80e141e9092e841d59a12a10804210804210804210814a4284201084201084201084201084201084201084201084200a1084021da0a10839210841fffd9, 72310, 10001, 312, 12, 'false'),
(10006, 'phone', 'Iphone10', '256GB', 0xffd8ffe000104a46494600010100000100010000ffdb0084000a07081212141212121210111112121211110f11121211120f1118141a19181418191c212e251c1e2b1f1818273a262c2f313535351a243d4048343f30343631010c0c0c100f101c12121e352125213a343f31343135373d343434343134313434343437343433363134373434343434313434313434343431353f313134343431ffc000110800e100e103012200021101031101ffc4001b00010002030101000000000000000000000003050104060207ffc4004d100001030202030a0a050809050000000001000203041112210506311432335153617173b2b31322344172819293b1d115255491c424354263a1a2b4d216234352627482c2d3071755c1e1ffc4001b01010002030101000000000000000000000001030204050607ffc4002e1101000202010204040407000000000000000102031104213105122271133251c11433619106233441435281ffda000c03010002110311003f00fb322220222202222022220222202222022220222202222022220222202222022220222202222022220c28df235a2e4b5a06d24d80f5aa9d2754f24b237b616b1a5f3d53c02d823199001c8bc80733934024df2078a935ce89ae3828df50366e89cb5af9adfa59826c76e787a06c513688eebb0f1f2e7998c7599d7d1f46ddd0f2b17bc6fcd677743cac5edb7e6be7d43ad94f2be366e06343e48e3c5e11a70e2786e2b61ced7bdb995e687d274157355d3c54e71d13c472b9f13431cec4e69c04124d8b5db40bf9ae91313d8cdc7cb8662b92ba9974bbba1e562f78cf9a6ee87958bdb6fcd715ac9ac3494aeaa823a60fa9a7a4dd831c78607331b5b871def7f1b8ad7caf7c97cfbfeea9ff00c6517b6e52a5f76ddd0f2b17b6df9a6ee87958bde33e6be7da275ba8dd4b433d4d2358faea8929d8c823f08c8cb64c189c5c4659b721726e6c0d8abbd65d234541b9fc252ba4dd330a767828c3b0b8db337238f203339f120e9b7743cac5ef1bf35247335c2ed735c38da4387ec5f3bd60d6da4a5a8969b70b6531600e78735a09731aeb0184ec0e03ef5a906be513881268f2c6ecf091963dede702cd396dc8df2cae55d1c6cb35f345674ae735227532faa22e7747e902c74579b745254db72d41b628de45c44f3962045f0bac0dc16bae6c5744a958222a5afaa99eff00014d85afb07cb50f6e3653477cacdbf8d23ac70b76000b9de66b82e091c616318e31f785455745430b43aadd13dd98f0d56e63e476cbd8bb60c864d00732929f465048d0f6434d230e41f1863db71b45c20b9c638c7de1318e31f78557f42d1fd9e1f6027d0b47f6787d8089d2d318e31f784c638c7de155fd0b47f6787d808342d1fd9e1f6021a5a631c63ef098c718fbc2abfa168fecf0fb013e85a4fb343ec0434b40e0761057a550343d28376c31b1d9d9ec1e0e46fa2f6d9c360d8578a6a896191b0ccef091c97f0152406b9af02e61940c8b88b96bc001d62080402f21768888088880a394d9a7a148a398f8a50719adcffab2a1cd2417cad0ef3120d4b5a41e6c200e85f2c017d2f58d8d1a265c39874f8ef88b812eacc448249c8924f1716565f37015734f359ec3f87a22305a7f5fb248a4c3c7ea363ea5d0c1ad157e6aa78bdae7c153926c2d725cc249b01993e65ce00bd2daa618975391c4c39fe7ac4e9d69d63aeb65592f1f054bff001ad29f5b349346556ff5c34dff001aaaa4988384ec3fb12a9ab730e0a79b568dbc6f8d70ff000fd71f4896c49ae9a48daf557b1b8bc14c6cef311e26dcca824d7bd283655db9fc0537f22a8906de95a532e87e170ffac3ca573e49ef32ccd3b9ee73dee739ef7173dce37739c4dc9257a695ad8948c72d888888d422d1beafaa6a73cbb44480fe84ef0cff00092f63ae388e2738fad7d16278706b86c700e1d045d7cd353d81fa22a1aebd9d3bda6c5cd3626306c4104748375f47a3e0e3f41bd90bcdf223596def2eb62f923d92c8723d0abf4266c7b8e6e74d2e275ad8b0bcb59f731ad1ea5612ef4f42a9d5c883627dafe354543cdcb8f8ce95c4ed390e6190f32a56385d69d6096869e9eb636446a2b65707d5ced3232963172c85a0663c5e2db81e7690ae3572b9d347a3eb8c429e4ad73e0a98580b592d9b23993069e3f05704dfc5908b919adda2a92ca3a360115e56100ce0be3f1439e5b8458b9d6048171935c7634a9e7aaf0bf46bf086e2ad7b6c0dda7053d4b3134f9da70dc7310a37fd92bc459584488888088880b434f1b40f70df34b1d19cfc5931b435d97112b7d55eb444d7d24cc75cb5c236900b9a6c6565ec5a411ea52895e31d7008d8731d0bda8a075dad2083768371e7c94a8811110143522ed3eaf8a9943506cd28388d621f54bb2c3fd633c5cbc5fca5b965b2db2dccbe6c02fa56b03f1e882eb5b1c91bb0def87154b4dafe7dabe6eaec54df57affe1ffe9edeff0068642ca22dbad74ef3dc5b42dba81903ccb560daac676dd8ada5b56870fc6f145f8f3fa7573f38ccad1982b3a919aaf9c2e9c767cc23a5e61a775ed854657b6ac97cf67d5751ff00344ffe65dda8d7d168b838fd067642f9d6a3fe699ffcc9ed44be8b47c1c7e833b2179ae4fe6dbde5d3c5f2425977a7a1576aff0004eebe7ef1cac26de9e855dabfc13fae9fbc72a5638ad3ba7df43a2691cd86098ca5909dd2d73e9e3b6375ded199376d80cb3e8565a36b37445a2aa4b248dd5557e1cc323cbc456a39dbfd583bd8ecd0e005b275fce55abb46cd139fb95d03a091ce7be92a5afc0c91c6ee31bdb7c20baee2d2d22e4916b9525268f90ca2a2a646492b5ae6451c6d7321818eb622dc449739d600b8f9858019a0b5584450c8444404444190abf587c9a4e98bbd62df55fac02f4f27398bbe629844ac74765146082088d97691623c519596d2d4d1d3192289e45b1c6c7e106f871341b5fcfb76adb44088880a1aade95328aa0d9a5070da6c7d4c3a61fe21abe7617d174f381d105c06105f1b8346c68350d21a3a367a97ce415b9c78f4edebbc027f916f7fb328b0815d36d3bed8a519ab29078ab4e99bb1584edf17d4aba5b7771fc52d1f0ace7aac66b4271b559560cd684817671f587cbb346b24abded5ea26af6e629e08d5899b747d335247d5537f993da8977da305a1847eaa3ec85c3ea9465ba32507ed17fdf8d773a378187aa8fb2179ae47e6dbddd6c33bc71ec9a7de9f52a7d53ca958389cf1c677c55c4fb1546a9f92b3d293b4552b56456164ac28642c3ded682e73835a05cb9c435ad1c649d8b2a9b582421d0b6f95a47dbfc6d2c0d77a839ded294366b6b861023918093673cb99e28e8779cf9b23903ccb6a96763c1c12324c0435e5ae04b5f841b3c0debac41b1cf35c36b069d6d1d3c93bace736cc8987fb495d7c2de8c893ccd3ccbcff00d1ea68dd4935597f84aaa9a893753c9bb839a6ed691e6be22fff005f30b260dbe82888a12c855fa7fc9e4f4a2ef98ac1576b0793c9d3177cd5286ee86f27a7ea22ec05bcb5346b9ae862735a18d7471b9ac1b180b059a3980c96da204444050556f54ea39b7a50707a70fd4bee7f886af9db1a57d374ec43e8b91a00004ad00016000aa1601705e0acb730de2b8ffebd2782e58a639afead2c0548c62d9f06b385577c9b7a3f89b87ba619856552cf17d4b4e8997700aee6a7b858e1bfadc1f17c9aa69c8d646735a063e65d5cb42789694ba3b9976b1e68d69f3de4e3b79a6d0e74c2ac34651e270e25b66815de85a1cc64b3c9962b599514adad688974da3e2c1a3e51fac07f7d8ba9d1a0886206d711b01b5ed7c2365d5255330d14a39da7f7daafa8b838fab67642f3d927769977691e5ac4249878a5546abb0b69c34db135f2b4d8dc5c3c836e6bab8977a7a156eaff0004eeba7ef1cb166db72c2cb961432168699a232b060dfb09730640385bc66927217cbd602df4443e21ae3abfa5aba4262a39f72d3626303cc6c748ff00d391ac73838dec00b039347195d3ff00d23d54a8a36cd53521f13e76b63653389690c6bae5ef66cc57c9b7cc0c5fde5f48453b34222284b2157e9ff2793a62ef9ab7d686b09fc9a43cf177ac5286ee86f27a7ea22ec05baa0a5606b18d6801ad6b5ad005800000000a744088880a39b7a548a39b7a50725a607d5afeb47f14171185773a57f36bfad1fc505c6d95916d51d2f0fbcd6da6ab98bc615b65aa07356a5afd5ea715f756e6858b148d1cc4aeac5264a9b54a0c4f73bfbac03da3ff00c5d9b210a71dfaede7fc56fe7cbe5fa291f43ccb42a28799754f842d29a01c4b7b165979ecf8a261cb3a8f995c68aa5b676533a9c712dda48c00b62f93756a63c5ab25d2a3f2597fd1db62b7a2e0e3ead9d90aa74b792cdd2dedb15b517071f56cec85a13ddd08ec965de9e855babdc13bae9fbc72b2976155babdc13bae9fbc7284b6ddb56165db561432111101111011110157eb0f9349d3177ac560abf587c9a4e98bbd62944ade1deb7d16fc148a3877adf45bf0522204444051cdbd3d0a451cdbd28394d29f9b64eb7f1417221abafd243eae7f5bf890b956b3994cfe5b6f893ab202d5139ab70b144f62e6deda97a7c17f4ba0d4d678b21f39706fa836ff00fb5d5b5733aa42cc7f59fed0ba66856e29dc381cd9de7b32e0b5e46ad8715aef2b7292e7e4aedaee62963165e4a5d5f36e8d68aea58d2be4b2f4b3b6c56f45c1c7d5b3b21546943f92cbd2cedb15c517071f56cec854cf75c925de9e855babfc13bae9fbc72b2977a7a156eaff0004eeba7ef1ca06dbb6ac2cbb6ac28642222022220222202afd61f2693a62ef58ac157eb0f9349d3177ac52895bc5bd6fa23e0a451c5bd6fa23e0a444088880a39b7a7a148a39b7a7a1072da43f373fadfc52e7a38d7475c3eaf7f5bf89553045759ff8d760b6acd4742a27c4ae1b02f2696fe65c9cb5eaee61cf110dad5a8ecc773b8fc02e81a16a68ca6c0d03d6ac005b18abaac3979ef16bcca1705acf2b665d8b49ef57d6752afcbe6861ce5e312f2e72f05eae8b6d45eba4da40fe49374b7b6c57545c1c7d5b3b215256baf4737a4dedb15dd17071f56cec8513dd5c764b2ef4f42add5fe09dd74fde39594bb0aadd5fe09fd74fde39425b6edab0b2edab0a190888808888088880abf587c9a4e98bbd62b055fac3e4d274c5deb14a256f16f5be88f8291470ef5be8b7e0a444088880a39b7a7a148a39b7a7a10733563f20775bf895ab491ec5b953e42eebbf12bcd047b159af422b6d593c54eb662a5cf62da822c96c358b5669133d5b3f16621e636d82394ca07959eb4ae2772825392ab7bf35bb52fb02aa24936aa6d6d4b770d375948e7af0e7a89d2285cf56e3b6e54e7a6a16739bd14de98edb15fd17071f56cec85ce075e8663fac1da62e8e8b838fab67642b67bb4e3b25976155babdc13bae9fbc72b2976155babdc13bae9fbc7284b6ddb56165db561432111101111011110157eb0f9349d3177ac560abf587c9a4e98bbd62944ade2deb7d11f05228e1deb7d16fc148881111014736f4f42914736f4a0e726f223d77e254b40dc82f127911eb7f12b6283ccadafcaae7e65b46dc97b2bc30e4b25552b60256bcae5338ad1a992cabbdb50b695dcabebe6daaa1d2af5a4aa36aacf0cb46d7f53b7830ea8de74aa1748b54cca374ab678fd6d0d4e5d355974b03af4337583b6c5d3d17071f56cec85c9d03afa3e63facff007b175947c1c7e833b216ddbbcb911d92cbbd3d0ab757f82775d3f78e5652ef4f42add5fe09dd74fde396296dbb6ac2cbb6ac28642222022220222202afd62f2693a62ef58ac157eb0f9349d3177ac52895bc3bd6fa2df82914716f5be88f8291102222028e6de9e8522f120b823990734d91aea225a6e04ef65ec478cdaa2d70cf88823d4b6a84ec599a12699ec6dc96c8491b4d84b88fec375e287ccacacfa74c75eadae6345e587247395332b221e247aa6d213d8156150f5ce6949f6ad5cd76ff0017179aca6afa8b92b44cea1ad9f32b484eb4b7d5e9b1e0f42c4cbceb0645a3e1967c2adfe3da225cfe5716d68d443b3d1d2b5ba36a1ee366b642e73b3366831926c33d8bb5a3e0e3f419d90b8cd0cd2dd1af73b2f08fc6c1e7702f6865ba70dc7485db44cc2d6b46c680d1d00596ddbacede6af1e5b4d7e8ccbbd3d0aa756e56be29309be1a9a961c88b39b3383867ce0ab6905c11ccabb4264c7b4e4e6cf38736f7c3779737ef6969ff0052862da72c2f4e19af2a190888808888088880ab35a256b29267bce16b7c1b9ceb136025667619ab35a1a7fc9e4037c700637cef7e3696b473922ca512b6877adf45bf0522f0c6d801e60001ea5ed102222022220af9637b1d8d8318393e3b804f13da4e5886cb1b5c5b3cb387c3d334df1b587ced75da6fe89cd5b28e48dae16735ae07221c0104741415e348c1cac7ed21d2101fed63f6d6dee087928bddb3e49b821e4a2f76cf928d276ae92a299db6667a9e157d451d149bea8fba468f885d06e087928bddb3e4b3b8e2e4e3f61bf258ce3acf78675cd7afcb3a71b2eace8e7eda993d52b3f9545fd11d1bf6997deb3f9576db861e4a2f61bf24dc10f2317b0cf928f874fa42f8e77263b5e7f7713fd12d1df6997deb3f954f4baafa35ae04cae96d9e07ca0b0f4b5a0621cc6e175fb861e4a2f619f25ee2818ddeb18df3d9a03733b762ca2958ed08b7379168d4de7f7568a47cb231cf698e9e121f145b1d2c80583de3f45ad1bd6edb9b9b58057288b26a8a9abe096279a8a76785b86b67a6c418666b763d84f8a2400919d83858122c08b944150cd354eef14cac8e400174329114ac06f6c4c7588d873d86d95d49f4843cb43ef19f35bd244d78b39ad70e2700e1fb543f4741c8c3eed9f244a0ddf0f2d0fbc67cd377c1cb43ef19f353fd1d07230fbb67c93e8e839187ddb3e486dafbbe0e5a1f78cf9a6ef879687de33e6b67e8e839187ddb3e4b1f4741c8c3eed9f2436d7ddd0f2d0fbc67cd37743cb43ef19f35b1f4741c8c3eed9f24fa3a0e461f76cf921b69cda5e99960e9e1c4e36631af6b9f21b1385ad06ee3607203ccb529229aa6564f3c6e829e225d4d4ae3fd6bdf623c3cc01b36c0f8accc8b9273b06de454ec66f58c6fa2d0df829510ca222022220222202222022220222202222022220222202222022220222202222022220222202222022220222202222022220222202222022220222202222022220222202222022220222202222022220fffd9, 7123, 10001, 62310, 12, 'false');
INSERT INTO `item` (`ItemID`, `ItemCat`, `ItemName`, `ItemDesc`, `ItemImg`, `SalePrice`, `SupplierID`, `SupplierPrice`, `WarrantyMonth`, `AllowDelivery`) VALUES
(10007, 'phone', 'Iphone11', '128GB', 0xffd8ffe000104a46494600010100000100010000ffdb0084000a070812121112100f11110f1211111110111110121112110f0f19152719191418181c242e251c1e2b1f18162646262b3d313535351a243b403b404d2e343731010c0c0c100f101e12121e312421243534343434343134313531313531313131313431343131343431353434353431343434343434343434343434363134343134ffc000110800f400ce03012200021101031101ffc4001c0001000202030100000000000000000000000103060702040508ffc4005010000201030005040c070d0509000000000001020304110506123172213341b1132236515461718192a1b2b41424537491c1d1071516172332425262738294b3253435d2d326638393a2a3e1f0f1ffc4001a010100030101010000000000000000000000010304020506ffc40031110101000102040306030900000000000000010203110421324112317105135181b1c12391e1142233426172a1d1f0ffda000c03010002110311003f00d3200000000000000000000000000000000000000000000000000000000000000000000000000000000000000000000000000000000000000000f4742e86b8bcaaa8dad37526f95e392318f7e4fa11b2b467dc62728a77374a12696614a1b5b2f89eff00a101a901bb7f12947c2eb7a30fb07e2528f85d6f461f611b8d240ddbf894a3e175bd187d83f12947c2eb7a30fb06e3490376fe2528f85d6f461f60fc4a51f0bade8c3ec1b8d240ddbf894a3e175bd187d83f12947c2eb7a30fb06e3490374d5fb8b534b31baa8fc4d417af0783a5b506d2cda57356f609f229c616ee9b7de52725ca371ad019d7e0ee89f0abcf42d7fce3f07744f85de7a16bfe72460a0cebf07b44785defa16bfe71f83da27a2eef178dd3b76bd5303050663575361573f7baf295dcd26fe0f38ca85c49259ed14b926fc86255694a12709c5c6516e328c938b8b5c8d34f7302b00000000000000b6da1b538477ed4e31c77f2f007d23f737d5d85958536e2bb2d58aab5a5fa4e4d67673de4b93ffa5dac5aef6b6551519b954abb3b4e9d3d9cc239c664db49759915bc36694238c614563bcf90f9c35e29ce9e96bb55f39954738b794a549c5763c3ef2585fc2d1139d2b77eaeeb9dbde49c20e54ea25b5b13694b6738da586d3596be9594b28ca12f1bfa4f9af512539e93a3d8769c60aa4a787ba9ec38f2f95ca2bcad1f4555a339d15185474a7daf6e96776f42a63b5b4d6fe55eb45a52d7261bcbc72befb2d8ee104800000001e5e9dd154aeadea50ad0538548b8b4fad3e86b91e7c47a87196e7e403e46d2963f06b9ad6f5339a539c1358edb0fb59791ac3f39e79f45e90d076b52b54955b4b7a9394db94ea51a7294bbd96d65f260a3f076cbc06d3f97a5f617e3a36c97765cb88dad9b35a6a06abd2bb8d6ab7509ca9c5c6149a938a94f95cf772bc76bf4995cb50b47fc9545ff00167f6997c694611508c6308c5623182518c577925c88ae68d18e9e326d66ecda9ab9dbbcb67cda9f5a355256295d5a4e6e14e7172527f94a52cf6b2528e32b385df5c9e6e5adf455dd95be9449766da8dbdd492c3ab98ed53ad2c726d613837d2e3e4339d69866caeb3e0f59f9d45b5d46196d172d5fba7bd4159cb87e355239f5e0cfaf84c6cb3bb4f0ba99672ccbb3000014b48000000005f69ce53e387b4505d69ce53e387b407d736cff00250e189e2eb4eaf68fba8295fc69f6bbaa4e4e0e3fc69a6978b383d9b6e6a9f0c7ea3e7ad7ed255aef48dc42acda85bd4952a709b6a1051e472c6ecb7979ef63bc46337bb42dda373ead681b0b658b28535b58798e5b9e373726dca58cbdede32f0641712927149ecc70f2d77fbc7cf7f73cd2356df4853a109e69d694a33845f69b6a0e519a5d12584b3de6d1f445096d422df4a44652ce5532eeaa84e4e3db6feb3b71dc8aa7bbcc5b1dc842a4004800001c5ee7e4391c5ee7e40311adce54fde4bac8d92ca8b339f8a735ff005364ec9bb4fa63cdd4ebbeaa65128944edc914ce258a98feb52f895dfcdeb7b0cc1ad5ff00b3f75c369ef750cf35b17c46efe6f5bd866056ddcfdd70da7bdd433711d9ab849cf2f97dd81000ced800000000175a7394f8e1ed149e8eafc53bcb54f73b9a09f91d4407d5f6ab34a0bf61751af35d7ee75f0baf2bab5ab1a156692ab0a91daa551a58524d72c5e30ba7385e7d8765cd43823d4760e52d69a97f73a56757e13735235aaa4e30d95b30a69ac4b672f2db595978e46d639726c88c9258cafa51cb6577898a0386fddbba5f88b8024000001000921eef3021ee031692edea7ef258f264962a4bb79f8a73f6990db3769f4479babd75c64572459823058ad8f6b72f88ddfcdeb7b0cc02dbb9fbae1b4f7b99b0f5aa39b4bcfd9b4b993ff96d7d6613a0609e83bccf45b45f9d54aa65e22f38d7c2ceaad6a00286a000000000f4b573fbeda7ceadff00a88f34ef686aca9dd5bd47ba171466fc919a7f501f5958f350e08f51d828b2e6a9f047a8bce530080252e60e316484000000100490fea04b206272e727c98fca4fcfcbbc9c915a5f949f14bda671da37e9f4c79da9d75c8893e438ceaa5bd934a84aa72c938d3f1f24a7f62f19d5bb38937bb4791ac50fecdbf9bfd3b5aca3c2a0f97cef3ea305d5ff00f03bcf9b2f6ea9b175cffc3af52e4f8ad6fa3619ad743d750d037927b9d1a70f3ceb5482f5b464d5bbdddb34278779ff00776b90015af000000000bad39ca7c70f68a4bad39ca7c70f680faeecf9aa7c2ba8bca2cf9aa7c2ba8bce1300004a13399c494c98848200dc0001212c82590861f56d2a4aa549465151739e32e59df8dd8394346cbf4ea79a31c7ad9de86f9f1cfda399af1cef8631e5a78f8adbf575e95a53872a5b4ff5a5db3ffc798ece4e2c0bcd3249e4f175cbfc3ef3e6971fd2933555b773f75c369ef750da7adefe2179f34bafe8c8d596ddcfdd70da7bdd42ad4ecbb4bbb02001c2c000000000bad39ca7c70f68a4bad39ca7c70f680faeecf9aa7c2ba8bca2cf9ba7c0ba8bce13000e212e478569acf6f52edda537294bb64aa72284a71df18f4bdcf97772721ebdca93a7350fce709a8f16cf27acd09657d2a53a7520f665094671f1493c93222be83c1075b465ec6e2853af0fcdab0535e26f7af2a795e63b285200020096412c0c769ef9f1cfda39f2942b88c6534da4d4e5ed112bda7facbe935632ed1972cb1f15e6ec6d319285739fcd52970c5bea472eccfa6153d097d84a3795e46b6ff72bbf9a5dbffb32356db773f75c369ef7336a6b2a72b0bf9e24a31b1ba4b6938e64e9bdd9f12f59aaedbb9fbae1b4f7b9956a79aed2f260400385800000000175a7394f8e1ed14975a7394f8e1ed01f5dd9f374f8175169559f370e08f5169c3a720410049aa75b7516e9ddcaa58535569579b9ca3d921076f393cc93da6b30ce5ac67196b1c8b3b541339236631a89a32eed28cedaed537052ec94a74e7b715b5f9d07949ae5e5dd8e56656704721e66c0006c903043086311b8a6a73539a8c9549e5349e3b6f21daa75a1fa3521e674d7d4619a5ea35735b0ff004e4749d57df3c6cbda7ad86a658dc6592d93ce5e57d6fd1ed69fb2b0d4d3c7399596c97b5f39bff46c64f3d3b5e46bea271e2f59acdc9efcb2d85ed58fe6d4a8b86725d4cb71f6acbd587f9dfed137d8b7f9753f3c7f5acc75ba3fd9b7dbff00b9dcf4bf9266a0b6ee7eeb86d3deea19ade699ad3b3bda351ba8a56577872ced45aa329673d2b93a4c2adbb9fbae1b4f7ba87a1a1af8eb61e2c5e5f13c3e7c3ea7833daf2df97c39cfb5604002e67000000000bad39ca7c70f68a4bad39ca7c70f680faeacf9aa7c11ea2e29b4e6a9f02ea2f384c402404800002208407320920942480091aab4d3f8cd5fde4bace964ece9b9fc6ab722e725d3e33a5d93c5f41f2faf3f172f5bf57d970b3f030fedc7e91cc8214933b5616352b4d429c5c9bdfde8aefe7a1154c6dbb4f35d9653196e5ca458acdbb0d2359ee8d8dd423e394a93cfd0bacc2edbb9fbae1b4f7ba86d6d64b1f83e8aba8296736974a5c984dba3279fa52354db773f75c369ef733e9f87d2f75a530be7dfd5f1fc6711eff5ae7dbca7a4f2ff007f3604002f66000000000bad39ca7c70f68a4bad39ca7c70f680faead39aa7c0ba8bca2d39aa7c0ba8bce130209012000002001c90211211b000030bafabb4eb54a952539272a93ca4a385878e9f210b54e874ceaf9b657d45177ad10a15aa51951ad2d9a92ede1d8da7979dce49f496d0d6fb4934a539526fe56128af492d9f591fb063678ee9f9f3df66f9afc6e384dae5e1db972edf93b10d58b55fa339f1c97d491eb59b8d14a9ecc2116f119c22a29bfdbc74f8ca6def29d58a9d3a90a917ba54e4a517e745ada9269f2a7c8d0c34b4f0e8c64f9326a6beaeaff132b7d6bcad7eaebe03774fa7e09732c78bb1b5f59a8edbb9fbae1b4f7ba86c0d66cbb7d212965a8d9d6a70949e730509671fc595fc28d7f6ddcfdd70da7bdd42c54c08000000000000bad39ca7c70f68a4bad39ca7c70f680faead39aa7c0ba8bca2d39aa7c0ba8b8e1312080120000000012404049089210180691b552ad55b49e6a4b7af19e6d6d1d0fd58f9961fa8c96b43339fef27d675ea5147a3a796d8cd9e9e967b633d1884f456c4b6edea4e8cfbea4f0fc4fbfe7c9ee684d369ce36f7bb54a52788558d49aa555f79bcf6afd5e4e9babdb9e55eda46717192ca7ffb93ace4d4eafcfbfea6ae1353abcfe3dd91ebc518c3475de1258b5af14972616c3e4354db773f75c369ef750cc2ef4a4a7a2ef6d2b49caadbdb549539c9f6d56db61a4df7dc5e22fcb130fb6ee7eeb86d3deea1833c7c376af332c6e376ac0800439000000000bad39ca7c70f68a4becf1d929e776dc33e4da03eb9b4e6a9f02ea2e2bb6c76386ce71b2b19df8c161c26000090000000000000201018acdf6f3e39f590cebded64ab5451ca5b6f7efcf4face31ae6ec3a637613f762da94f279f7344ee7662a9c933bdd6308d6b52a54aa5486fec55a9c97eb42707069f9329ff0009e35af73f75c369ef750ca35be9af82d77feea6fd4633678fc1fbbce73b367b38dc9fc32a6ff364cfafd98f88ea9580000a59c00000000262f0f2b91adde52001f59eae5fc2e6d285783ca9d384bc995b8f4cf9e7ee75afef47fc5ee14aa5b4a594e3cb2a2dbe56974ae9c794dd5a375aec6e22a546ea94b3d1b6949789ade8e2a63dc0753ef9d0f95a7e9a1f7ce87cad3f4d04bb60ea7df3a1f2b4fd3443d29416fad4d7967103b80e92d2b6ef756a6ff8e272fbe743e569fa680ed83a9f7ce87cad3f4d0fbe743e569fa680ed9139a8a727c8926d9d0aba66de2b96b53f22965fd0627adda62e6e294edac60e0aa476655fb25b464a2f7a8a94d34f1d3d0075abd5739ce4b74a726bc8d95baad184ad52bff09b8fe6adbfd621ea8dff008457fe6adbfd6354d6c64db6689af8c9b6ccd7e1272f84982bd4fbff0097adfcd5affaa43d50bff97aa97ed5ddb25fd527dfe3f04fbfc7e15e86bce98853b7951ca756aad9504f2e307be525d0b195e5f39e4df4bb06828c25c92baad4a9c5656654e8b9549cbc8a751c3cb13acb4059dacfb2e90bda73d97b5f06b49aad7155efd994976b0cbe9cbf36f3c5d64d3b2bcaaa4e2a952a70ec56f421f99428add15df7df7d2539e7e2acf9e772bbbc6001cb8000000000000000000000000000000000000000000000000000000007ffd9, 7231, 10001, 6130, 12, 'false'),
(10008, 'phone', 'Iphone12', '256GB', 0xffd8ffe000104a46494600010100000100010000ffdb0084000a07081512151210121518111212121211110f1112111412121218141919251418181c212e251e1e2b1f1818263a262b2f313535371a243b403d333f2e354331010c0c0c100f101f12121e342b25273a3d343434343431343434343431343434343434313434343434343531343434343434343434343434343434343434313434ffc000110800e100e103012200021101031101ffc4001c0001000105010100000000000000000000000501020304070608ffc4004a100002010300030b07080707050100000000010203041112213105060741516171738191b113223452a1c1d117233242537292b21433446282a2f035436393b3c2d2245464a3e116ffc4001a010100030101010000000000000000000000010203050406ffc4003111000201030105070303050000000000000001020311312112134151b10461718191a1f02232d11542c1145262a2f1ffda000c03010002110311003f00ecc000000000000000000000000000000000000000000000000000000000000000000000000000000000000000000000000000000000000000000000000000000000000000000000000000003c6efb37f746c1ba314ee2e309ba517a31867669cb0f0f1af0937d1947899f0a57b26dc695251e24a1525def4b59a4694a4ae9149548c746ced00e2bf2997fea53ff002a7f128f84ebfe38535d34a7f1277332bbe81dac1c4fe546f7d5a5f825ff00229f2a37dead1fc12ff90dc4c6fa076d070c8f0b17b39793a34e35e7ead2a3297761b6fb8c95f84add7846539d938422b329cedabc6315cadbd48a6cb2fb48ede0e01f2cb7bea52fc2fe23e596f7ece97e097c48b779277f0700f965bdfb3a5f865f11f2cd7bf674bf0cbe22dde2e77f0701f965bdfb3a3f865f12b0e182fa4d4634a93949a492849bd7c49675b165cc9d4efa0e2bf28fbaf1d72dcf9638f4ad6e71ee2777afc2c51b89aa1770fd16a37a2aa65f93d2d98927ae3af8f5f3e06cb2aa49e19d3400416000000000000000000000001a3baf79e42857af8cf92a539a8f2b8c5b4bb5e11bc416fd7d06efa9992b5619f3fd7aede9dc557a739b94e7296b72949b6dbf1e7d25c8464b742a4bce5a973e9671cf8d86fd6a5a54a4971a4bff005c08c85ce82717e6bd928b8e5b78c6a78f03d355d9daf6479a8c5357cb24f73ef5d4587b53c35c8fe06facedd785b5f210fb9749a729358d269e1f124b0b3ce4cc6acd42714da8492d3c2d58e77c45e0db8abe4a4d2527630d7a6a4b3c79d7d2f567c3b33cc44dcc653d0a70fa75aa469473ab6b5abbda25e6fcd9743f03429eab8b17ff00991f655a62a7da44747b5caefd11d9770f73a8d8d28d0a3151492d39e169d4971ca6f8dbf66c5a8bf751aad4aad093718d5a7529392da94e0e395d1923a775ce64a742a4f5e3457ad3f35776df61a6c2398e6dbbf13905cef32f29c9c7c969a4f54e128b8c972acb4fbd2307ff0094bdff00b7977c3e276d56515f4e6e5cd04a2bbde468518fd5cf3ca527efc197f4f1ef3d5fa84f92f738a2decde2fd9df6b87fc8a4b7b178ff00676ba1c17fb8edbe569fa90fc29947569bfa91ec49780fe9a3de47ea32e4bdff002715a9bd6bc93cab671e64e18fcc4e6f437a1711b9a35ebc3c8d3a152157ce9474a5283d2514937f592ce71ab274c70a4f89c79e327efc963b5f527d935ef5f0257678dee44bb74e4b67426e175ce78fe12f70e9dc5bcef23151b9b74a7e5124a53a69ad28cf970b5acecc638d92329ce1f4934bd65ae3de8d4df05de95a5e2e5b6aebf9245a70ba30a737092923d27059bad2badcfa529b729d294a84a4f6b51c35dd1945761ecce6bc077a0cfaf97e589d28f0bc9de4000412000000000000000000082dfb7a0de7532f713a40efdfd02f3a997b898e510f0704b77887e1fc90352add524f0dacf4e0adcc9aa536b6e8e53e8843ff00a4351a5171cb7adb7f95bf1c23d739b52b44f3528271bb3d1519c5af37fae73dfef7f756d69dab8549c61349e9c24bce93cbd697d6cac781cb371e6f5c78a32c27d29eaf66498c10e2aac15c94dd296852ab4d54715a316e6e11f562f385dd834a9d3cdcd8c76695dc565ae5ab4d64dd9af364b9563bf51a8e6bf48b09279c5cc3d95605e78f35d4cbf6cbc1f43b053853a5ae2b4a7ebcb5bece435ebdff00391b5eeb269d4ae7a2c71acd92152f1f29af3bae723a558c13ac0ba81272bbe729fa5f39132ac58eb1372ea9932af39ccd0bfe73cff970ae0b13ba3d5d1dd2e734f7c5e4e56d7528f992fd1eb3c2fa2fcc7ab1c5d842c6e8c7ba9779b7aeb968555fcac3826885069ab1ecf80df41a9d7bf0474c39a701be8353af7e08e96718fa100000000000000000000000103bf7f40bcea65ee278f35c20d571dcfba6b1e7461079e49d48c5f6e1931ca21e0e03466b1a12d8f57f5defa73ccb3a8f72967cc9f9af89497bf5aed3222e3dd2846593c319ca3836aced634d6135debbcd96d2dad2e99222f05494ada221c9b36ebdc2c623af9f95fc16dec46a5383f2b6292d72b98e8eb5afe720bc530cba12c55dce7c97117dd5d14a98f4ea5a3aa7e0fa1d429ee571d49e3f729eb7f89eaf633661696f1fa9a4f967294bd99c7b08dab7dce6bbbde712727c4e7c55b089f8c687d8d1eda54df8a2aedade5a9d1a7fc3151f6c704046f39ccf4eef9cc5dd712f737ae37b76d53f5729d17c58969c3b54b5fb5101ba7bdab8a49ce2957a6bebd2cb925cb286deec93b46ef9c90b7bde70ab4e3c7e752c9a399f9429e50e83bb3b814af13943146e36f944bcca8f92697e65afa761cf2fada74272a5562e1523b62f8d71493e34f951eba7554f06895cbd55316e855f9aaabfc29fe5661f2861bc97cdd4fb92fcacdf6b46594754755e037d06a75efc11d2ce59c06566edabd3d5a31953a8b6e74a6ea45e5f2629c7da75338ed5be771d240004120000000000000000000f2fc23ff67dc74d1ff5a07a83cb7091fd9f73d347fd681687dc889619f3f22e2d454f79ce2a0a004865b527e759feed7d7fe645fbcab31dcea768ff00c46df3bf28be08cea7dbe9d4bd3e3e0fa1eba77462774474eb985d62d63cca04c46e8cf4ee886b58cea49429c5ce4f89712e56f625cecf59b9db8308e1d79b9cbd4a6f460b99cb6becc19cecb24b460a37248d0b825adadada384a8c3f8939bef936cdd8d85bcffbb51e7a6e506bb9e3d87965563c88d8be191f6d745dbb5b950bea5a0f11ad04dd1aaf89fa92fdc7ecda67afb8728f9d464e697d49614fb1ad52f6769af6b5da787a9a7869ed4c88cf5bc595faa0f539757a72a7394271709c24e1384b6c649e1a35aee5e654fb92f03ddf083b98a5085fd35ad38d3b8c71a7aa137db883e98f21cfae65e64fee4bc0e9c27b50ba3d70d6cd1d53808fd4dcf450fcf5ceb0727e023f5373d143f3d73ac1cd967c97447b500010480000000000000000003ce6ff0068a9585da795a34d4d631b6128c92e8ca3d1903bf8f40bcea65ee2639443c1f3922e2d454e81ce05414003315f6cb5fbf2ff0050f49b81bd5ab7917514a34a926e2a734e4e725b5462b6a5cb9efd7885df1ee6cad6ad2a339466d4dc94a19c34dc79763329c93d3c3a9bd38bcbe4fa09cca4139c9423ae52784b9cc3291bdb94b0e5539168c7a5ed7dde26c95d983d11e92c342de3a10d7278739f1cdfc171236e9de678c80f2e6c51aa6552265b3ccf4d6f724adb5c9e52deb12b6f58f1d4a60f596d7053752d1548bab05f391599a5fde457fb97f5c4455ad726ad2bec3c9ac1dd165f52b322e14e35a15284fe85584a9cb9949632b9d6dec38c5f529535569cf54e9e9d39a5c538b716bbd33b555a7e4eaca2b5472a51fbb2d78ecd9d872ddff50f2777738d4a6a3563fc74d36ff1e99d3ecf2cae6be752fd9f2e2ce87c06504ad2b54d7a52ab1a6d6ac621a524d73fce3ee4751399f01be8353af97823a61e63a2800012000000000000000000081dfc7a05e7532f713c40efe3d02f3a997b898e510f07ce28a9440e81ce2a5c5a5403ad6f4eac5d9dbe8ec5069fde53927edc9cef84479baa5d9e28dddeb6f815b2951aadf9293738cd272d09e35ac2d7878e2e3e921b7db7b0af5a954a7971d2d14dac670e3af0795c1a979ff27b233528fce468c8ddb49621fc4dfb11a5233dbcb535cf9febb8f6c7278e5836a3336695434148cd4e6449104cd0a849db5520284c93b69984e0519e8ad6a933675761e66daa139633d878e702b736f7565f394df2d35f9e4735e12fd27a6ce937f8aaaf71efefaa6955c7a918c3b76f8c8e75c22d652baa915fddd0a74df4e8b9ff00bd1bf678dade06d475aace8bc06fa0d4ebe5e08e98734e037d06a75f2f0474b303a2800012000000000000000000081dfbfa05e7532f713c40efdbd02f3a997b898e510f07ce28040e81ce054a000ab35ef3f67eb1f8c0d835eeff0067eb1f8c0a54c79aea6b4b3e4fa1b128883c3cf799a512c713532b97e0cb0315378d4f6781b54e19d9acbe4ab763351648dbb34e95224ad6894944ce524485af113746aaa707525c5aa31f5a5c4889a75214fe93cbf517d27f029e5a55249bd496a8c56c8af8f39e7942e536b8929b9e9ca5a527adb72949f7b672bdddbcf2f56e6bf1549d4943abd91fe5513deef8efff0046b69a4f152ba74a1caa2d79f3ec8bc67965139ad5d92fbafc0d211d1b3d5d963a6d733b6701be8353af97823a59cd380df41a9d7cbc11d2cf01d04000090000000000000000000416fdbd06f3a997b89d2077ede8179d44c98e510f07ce28040e81ce000003315c2d76dd74bf340cacb2aaccad572d77f9e0567adbc5754690cbf07d093940b1d3242744c4e91eb942c7954cd454cc90819d523242999b893b4294e4b8fc19b90a937f59f66af0314291bd42df256c66e48adbd3c92f6f08c2329cda84211729ca5b2315c663a346308b9cda8422b329c9e124790df16ef3b9f9aa7985bc5e527aa5524bebcd712e48f6bd7b2bb2210755d96389a7bbfbaaeeeaba9871a715a14a0feac13daff79ed7ddc488aabb25f75f8190b2b7d197dd7e069b3f4bf9c0e9c525648ed7c06fa0d4ebe5e08e96734e03bd06a75f2f0474b3926e800012000000000000000000081dfbfa05e751327881dfbfa05e75132639443c1f38a2a51153a07380001251947853b36f6797d7d1a74cab2d92ccad172d7c7f3c0acb878aea8b475baee7d0f68a9467f41a97371f76d2c95af31a75a9e0b15e548ec9cba1bd25dcf274379cd1cf5465fb5fa9baad4cb0b4231eead65c717d34e1ee4619eec56f5f47eec29af6e3251c9722ca8557c57bfe0f474acf565ea4b6b7a92ed35aeb776de8ac41f979f12a4fe693e7a9b3bb2796b8af39fd39caa71ad394a58e8cec359a28f5368764fef7e4b4f9ec6d6ea6ead4b969cde2317985386aa70e7c71be77ac8f66468b1a0a27b629455922dc1656d92fbafc0cb82caabcd97dd91a6ce8cbac9da380df419f5f2f0474b399f01be8353af7e08e98708d9000024000000000000000000101bf8f40bcea264f903bf75ff4179d44c98e510f07ce28040e81ce0000032ea6d795b2d269455cc5c9b6945474e9e5b7c4b05acd7bed943efcfc625278f4ea8d29abb6b9a7d0e977fb9dc6b5a7ad35ad35ca99037368d109b9dbb55edb5529e61c746a2d2a4fa16d8ff0b44f51df350abaaac25425eb2cd4a7de9692eeed3db19c5e4f2ee6ad3ef5ddf8ff00a46d4a6cd79c4f42e853a8b34e71aabf7251963a52d868d6b26b88d7777c178d44434918e4891a96acc32a04ee99ba92345a2dd1371d031d4718ed925cdb5f717dd5b565d335d4057862127fbb2f013b95f5576bf8182be64a4dbcf9b2f02ae7149ecebd0ba4ee769e037d06a75f2f0474b399f01be8353af7e08e987ce9ba00004800000000000000000021b7d96eea595dc22b3276f57452dada8b785d38264129d9dc1f29a07bddfb707f5adea4ebda41d6b69c9cbc9d34e5528675e8e82d6e0b89ad8b6eccbf0b2a72594e2d35a9a69a69f21ef8c9495d1cf941c5d99602b8182c54a335afbe85397ab5259e86a2fdccdac164e29a7169b8cb53c6d58d925ce8a4e2dad0d29cad2bb3132c65aa8548ea8af2b1e271d6d7335b57696b954fb29f74be059558f1baf267a2c5d8d79e35b1f1a33d3beab1d952a7439ca4bb99ab99fd94bb9fc0a627f652ee97c095522b0dfa3fc0693cff0006ebdd4adebbfc30f81495fd57b66fba0bc11a999fd94bb9fc0aa73fb29773f817dfff0093ff0062361725ec659549cbe94a4f99c9e3b8a4699629cfeca5edf817aaf3fb2977bf812aa52bde4fda5f826cccf1814b9c46136f931daf51646e27c5465edf81e837b9bc9bcdd19c1ca9ba16e9a6eace2e3051e58e7e93c712f617a9daa9460f61ddbee6978eab81093b9d3f814b694373dca4b0aa579ca1cf1518473f8949761d10d2dc9dcf85b51a76d496214a2a115c6f964f9dbcb7ced9ba71de4d900010480000000000000000000000519e2f767f5b2ecf02a071248f0012016b0002c9194008ab285402430002482854000be8fd28f4a3de51fa2ba0a82af25960c80020000000000000007fffd9, 72123, 10001, 6120, 12, 'false');

-- --------------------------------------------------------

--
-- Table structure for table `purchaseorder`
--

CREATE TABLE `purchaseorder` (
  `PurchaseOrderID` int(5) NOT NULL,
  `SupplierID` int(5) NOT NULL,
  `Price` int(5) NOT NULL
) ENGINE=InnoDB DEFAULT CHARSET=utf8mb4;

--
-- Dumping data for table `purchaseorder`
--

INSERT INTO `purchaseorder` (`PurchaseOrderID`, `SupplierID`, `Price`) VALUES
(1, 10001, 23472),
(2, 10001, 23472),
(3, 10002, 2161),
(4, 10001, 23472),
(5, 10002, 8732),
(6, 10001, 7821);

-- --------------------------------------------------------

--
-- Table structure for table `purchaseorder_item`
--

CREATE TABLE `purchaseorder_item` (
  `PurchaseOrderID` int(5) NOT NULL,
  `ItemID` int(5) NOT NULL,
  `Qty` int(11) NOT NULL,
  `SupplierID` int(5) NOT NULL
) ENGINE=InnoDB DEFAULT CHARSET=utf8mb4;

--
-- Dumping data for table `purchaseorder_item`
--

INSERT INTO `purchaseorder_item` (`PurchaseOrderID`, `ItemID`, `Qty`, `SupplierID`) VALUES
(3, 10001, 112, 1),
(4, 10002, 112, 1),
(5, 10008, 112, 1),
(6, 10007, 112, 1);

-- --------------------------------------------------------

--
-- Table structure for table `reorderrequest`
--

CREATE TABLE `reorderrequest` (
  `ReorderRequestID` int(5) NOT NULL,
  `StaffID` int(5) NOT NULL,
  `RequestDate` date NOT NULL,
  `RequestTime` time NOT NULL
) ENGINE=InnoDB DEFAULT CHARSET=utf8mb4;

--
-- Dumping data for table `reorderrequest`
--

INSERT INTO `reorderrequest` (`ReorderRequestID`, `StaffID`, `RequestDate`, `RequestTime`) VALUES
(10002, 10003, '2022-06-05', '08:01:41'),
(10003, 10003, '2022-06-05', '08:05:16'),
(10004, 10003, '2022-06-05', '08:08:40'),
(10005, 10003, '2022-06-05', '08:12:39'),
(10006, 10003, '2022-06-05', '08:12:56'),
(10007, 10003, '2022-06-05', '08:33:11'),
(10008, 10003, '2022-06-05', '08:33:22'),
(10009, 10003, '2022-06-05', '08:35:44'),
(10010, 10003, '2022-06-05', '08:37:27'),
(10011, 10003, '2022-06-05', '08:45:32'),
(10012, 10003, '2022-06-05', '08:48:35'),
(10013, 10003, '2022-06-05', '08:51:57'),
(10014, 10003, '2022-06-05', '08:52:14'),
(10015, 10003, '2022-06-05', '08:53:18'),
(10016, 10003, '2022-06-05', '08:53:54'),
(10017, 10003, '2022-06-05', '08:54:24'),
(10018, 10003, '2022-06-05', '08:55:53'),
(10019, 10003, '2022-06-05', '08:56:42'),
(10020, 10003, '2022-06-05', '08:58:37'),
(10021, 10003, '2022-06-05', '08:59:15'),
(10022, 10003, '2022-06-05', '09:00:34'),
(10023, 10003, '2022-06-05', '09:00:39'),
(10024, 10003, '2022-06-05', '09:01:58'),
(10025, 10003, '2022-06-05', '09:02:41'),
(10026, 10003, '2022-06-05', '09:12:55'),
(10027, 10003, '2022-06-05', '09:13:47'),
(10028, 10003, '2022-06-05', '09:17:12'),
(10029, 10003, '2022-06-05', '09:18:23'),
(10030, 10003, '2022-06-05', '09:19:47'),
(10031, 10003, '2022-06-05', '09:20:36'),
(10032, 10003, '2022-06-05', '09:22:14'),
(10033, 10003, '2022-06-05', '09:24:29'),
(10034, 10003, '2022-06-05', '09:26:22'),
(10035, 10003, '2022-06-05', '09:26:52'),
(10036, 10003, '2022-06-05', '09:26:56');

-- --------------------------------------------------------

--
-- Table structure for table `reorderrequest_item`
--

CREATE TABLE `reorderrequest_item` (
  `ItemID` int(5) NOT NULL,
  `ReorderRequestID` int(5) NOT NULL,
  `Qty` int(11) NOT NULL
) ENGINE=InnoDB DEFAULT CHARSET=utf8mb4;

--
-- Dumping data for table `reorderrequest_item`
--

INSERT INTO `reorderrequest_item` (`ItemID`, `ReorderRequestID`, `Qty`) VALUES
(10002, 10002, 5),
(10005, 10003, 3),
(10005, 10004, 5),
(10002, 10005, 6),
(10002, 10006, 7),
(10001, 10007, 5),
(10002, 10008, 10),
(10008, 10009, 5),
(10002, 10010, 3),
(10002, 10011, 3),
(10001, 10012, 2),
(10002, 10013, 5),
(10005, 10014, 3),
(10002, 10015, 1),
(10001, 10016, 1),
(10001, 10017, 2),
(10001, 10018, 5),
(10001, 10019, 2),
(10002, 10020, 4),
(10002, 10021, 4),
(10002, 10022, 1),
(10002, 10023, 5),
(10002, 10024, 3),
(10001, 10025, 3),
(10002, 10026, 3),
(10002, 10027, 3),
(10005, 10028, 3),
(10005, 10029, 3),
(10001, 10030, 3),
(10001, 10031, 3),
(10001, 10032, 3),
(10001, 10033, 3),
(10001, 10034, 3),
(10002, 10035, 1),
(10002, 10036, 2);

-- --------------------------------------------------------

--
-- Table structure for table `restockrequest`
--

CREATE TABLE `restockrequest` (
  `RestockRequestID` int(5) NOT NULL,
  `StaffID` int(5) NOT NULL,
  `RequestDate` date NOT NULL,
  `RequestTime` time NOT NULL
) ENGINE=InnoDB DEFAULT CHARSET=utf8mb4;

--
-- Dumping data for table `restockrequest`
--

INSERT INTO `restockrequest` (`RestockRequestID`, `StaffID`, `RequestDate`, `RequestTime`) VALUES
(10028, 10002, '2022-06-04', '02:05:25'),
(10029, 10002, '2022-06-04', '02:05:47'),
(10030, 10002, '2022-06-04', '02:06:05'),
(10031, 10002, '2022-06-04', '02:59:18'),
(10032, 10002, '2022-06-04', '03:02:29'),
(10033, 10002, '2022-06-04', '03:10:53'),
(10034, 10002, '2022-06-04', '03:12:15'),
(10035, 10002, '2022-06-04', '03:12:38'),
(10036, 10002, '2022-06-04', '03:19:38'),
(10037, 10002, '2022-06-04', '03:19:43'),
(10038, 10002, '2022-06-04', '03:24:30');

-- --------------------------------------------------------

--
-- Table structure for table `restockrequest_item`
--

CREATE TABLE `restockrequest_item` (
  `RestockRequestID` int(5) NOT NULL,
  `itemID` int(5) NOT NULL,
  `Quantity` int(3) NOT NULL
) ENGINE=InnoDB DEFAULT CHARSET=utf8mb4;

--
-- Dumping data for table `restockrequest_item`
--

INSERT INTO `restockrequest_item` (`RestockRequestID`, `itemID`, `Quantity`) VALUES
(10029, 10001, 30),
(10030, 10002, 123),
(10032, 10002, 231),
(10034, 10001, 1),
(10034, 10002, 1),
(10035, 10001, 4),
(10035, 10002, 3),
(10036, 10001, 1),
(10036, 10002, 1),
(10037, 10001, 1),
(10037, 10002, 1);

-- --------------------------------------------------------

--
-- Table structure for table `retailstocklevel`
--

CREATE TABLE `retailstocklevel` (
  `itemID` int(5) NOT NULL,
  `itemName` varchar(20) NOT NULL,
  `storeName` varchar(10) NOT NULL,
  `Quantity` int(3) NOT NULL,
  `LowLevelQty` int(3) NOT NULL
) ENGINE=InnoDB DEFAULT CHARSET=utf8mb4;

-- --------------------------------------------------------

--
-- Table structure for table `salesorder`
--

CREATE TABLE `salesorder` (
  `SalesOrderID` int(5) NOT NULL,
  `StoreID` int(5) NOT NULL,
  `StaffID` int(5) NOT NULL,
  `PaymentStatus` enum('ordered','settled') DEFAULT NULL,
  `PaidAmt` int(20) NOT NULL,
  `Date` date NOT NULL,
  `Time` time NOT NULL,
  `ExpDate` date DEFAULT NULL,
  `CustomerID` int(5) DEFAULT NULL
) ENGINE=InnoDB DEFAULT CHARSET=utf8mb4;

--
-- Dumping data for table `salesorder`
--

INSERT INTO `salesorder` (`SalesOrderID`, `StoreID`, `StaffID`, `PaymentStatus`, `PaidAmt`, `Date`, `Time`, `ExpDate`, `CustomerID`) VALUES
(10001, 1, 10001, 'ordered', 100, '2022-06-04', '07:03:00', NULL, 10001),
(10002, 1, 10013, 'settled', 1645, '2022-06-15', '21:00:01', '2022-06-15', 10004),
(10003, 2, 10009, 'settled', 1645, '2022-08-15', '21:00:01', '2022-06-15', 10004),
(10004, 2, 10009, 'settled', 1645, '2022-09-15', '22:00:01', '2022-07-15', 10004),
(10005, 1, 10013, 'settled', 1645, '2022-01-15', '23:00:01', '2022-08-15', 10004),
(10006, 2, 10014, 'settled', 1645, '2022-02-15', '24:00:01', '2022-09-15', 10004),
(10007, 1, 10015, 'settled', 1645, '2022-03-15', '16:00:01', '2022-10-15', 10004);

-- --------------------------------------------------------

--
-- Table structure for table `salesorder_item`
--

CREATE TABLE `salesorder_item` (
  `SalesOrderID` int(5) NOT NULL,
  `ItemID` int(5) NOT NULL,
  `SalePrice` int(11) NOT NULL,
  `Qty` int(11) NOT NULL,
  `WarrantyMouth` int(11) DEFAULT NULL,
  `SerialNo` varchar(20) DEFAULT NULL
) ENGINE=InnoDB DEFAULT CHARSET=utf8mb4;

--
-- Dumping data for table `salesorder_item`
--

INSERT INTO `salesorder_item` (`SalesOrderID`, `ItemID`, `SalePrice`, `Qty`, `WarrantyMouth`, `SerialNo`) VALUES
(10001, 10001, 3456, 126, 24, '232efsdfsqa'),
(10001, 10002, 3456, 126, 24, '232efsdfsqa'),
(10002, 10002, 86534, 64, 36, '23323dasqa'),
(10003, 10004, 345, 112, 48, '123123dfas'),
(10004, 10005, 7654, 963, 64, '2543qa'),
(10005, 10006, 987, 137, 128, 'tgrg2345'),
(10006, 10008, 2332, 112, 24, '23231fdfsqa');

-- --------------------------------------------------------

--
-- Table structure for table `salesreceipt`
--

CREATE TABLE `salesreceipt` (
  `ReceiptID` int(5) NOT NULL,
  `SalesOrderID` int(5) NOT NULL,
  `CustomerID` int(5) NOT NULL,
  `Qty` int(11) NOT NULL,
  `Price` int(11) NOT NULL,
  `PaymentType` varchar(20) NOT NULL
) ENGINE=InnoDB DEFAULT CHARSET=utf8mb4;

-- --------------------------------------------------------

--
-- Table structure for table `staff`
--

CREATE TABLE `staff` (
  `StaffID` int(5) NOT NULL,
  `StaffName` varchar(20) NOT NULL,
  `Gender` char(1) NOT NULL,
  `DateOfBirth` date NOT NULL,
  `Tel` int(8) NOT NULL,
  `Email` varchar(50) NOT NULL,
  `Position` varchar(20) NOT NULL,
  `Depart` varchar(20) NOT NULL,
  `Salary` int(10) DEFAULT NULL
) ENGINE=InnoDB DEFAULT CHARSET=utf8mb4;

--
-- Dumping data for table `staff`
--

INSERT INTO `staff` (`StaffID`, `StaffName`, `Gender`, `DateOfBirth`, `Tel`, `Email`, `Position`, `Depart`, `Salary`) VALUES
(10001, 'admin', 'M', '1980-04-06', 24368333, 'betterlimited10001@gmail.com', 'Admin', 'Admin', NULL),
(10002, 'Better Limited', 'M', '1984-07-02', 24368334, 'betterlimited999@betterlimited.com', 'Admin', 'Admin', NULL),
(10003, 'Ryan Biddle', 'M', '1972-06-04', 24368332, 'ryanbiddle@betterlimited.com', 'CEO', 'CEO', NULL),
(10004, 'Rocky Hahn', 'M', '1969-10-19', 24365628, 'rockyhahn@betterlimited.com', 'Sales Manager', 'Sales', 57520),
(10005, 'Pierre Holquin', 'M', '1976-02-16', 24368472, 'pierreholquin@betterlimited.com', 'Sales Manager', 'Sales', 55200),
(10006, 'Phyllis Kinnison', 'F', '1978-05-25', 24365428, 'phylliskinnison@betterlimited.com', 'Inventory Manager', 'Inventory', 49230),
(10007, 'Carolyn Colon', 'F', '1981-10-26', 24369962, 'carolyncolon@betterlimited.com', 'Inventory Manager', 'Inventory', 48270),
(10008, 'Robert Fulkerson', 'M', '1968-10-30', 24368235, 'robertfulkerson@betterlimited.com', 'Purchase Manager', 'Purchase', 53230),
(10009, 'Rebecca Allen', 'F', '1980-08-16', 24363547, 'rebeccaallen@betterlimited.com', 'Purchase Manager', 'Purchase', 51980),
(10010, 'Robert Robinson', 'M', '1972-09-14', 24362748, 'robertrobinson@betterlimited.com', 'Accounting Manager', 'Accounting', 47850),
(10011, 'Jesse Young', 'M', '1965-07-10', 24368272, 'jesseyoung@betterlimited.com', 'Accounting Manager', 'Accounting', 49860),
(10012, 'Carlos Read', 'M', '1975-05-06', 24367282, 'carlosread@betterlimited.com', 'Technical Support', 'Admin', 38520),
(10013, 'Carolyn White', 'F', '1977-04-28', 24369729, 'carolynwhite@betterlimited.com', 'Technical Support', 'Admin', 35950),
(10014, 'Ruth Brown', 'F', '1979-10-01', 24369210, 'ruthbrown@betterlimited.com', 'Sales Representative', 'Sales', 28450),
(10015, 'Jennifer Stock', 'F', '1985-08-02', 24362478, 'jenniferstock@betterlimited.com', 'Sales Representative', 'Sales', 26870),
(10016, 'Peter Sheets', 'M', '1989-04-19', 24369372, 'petersheets@betterlimited.com', 'Sales Representative', 'Sales', 25990),
(10017, 'Anne Raymond', 'F', '1992-09-29', 24362357, 'anneraymond@betterlimited.com', 'Inventory Clerk', 'Inventory', 22840),
(10018, 'Erin Bain', 'M', '1984-08-12', 24362829, 'erinbain@betterlimited.com', 'Inventory Clerk', 'Inventory', 26910),
(10019, 'Lane Suggs', 'M', '1997-11-04', 24366218, 'lanesuggs@betterlimited.com', 'Goods Inwards Clerk', 'Inventory', 19850),
(10020, 'John Mauro', 'M', '1987-02-23', 24365910, 'johnmauro@betterlimited.com', 'Goods Inwards Clerk', 'Inventory', 21590),
(10021, 'David Love', 'M', '1992-07-25', 24369829, 'davidlove@betterlimited.com', 'Delivery Workman', 'Inventory', 24850),
(10022, 'Robert Thompson', 'M', '1992-09-20', 24369981, 'robertthompson@betterlimited.com', 'Delivery Workman', 'Inventory', 26590),
(10023, 'Jane Campbell', 'F', '1990-05-28', 24368719, 'janecampbell@betterlimited.com', 'Purchase Officer', 'Purchase', 24720),
(10024, 'Ervin Dobson', 'M', '1985-05-20', 24369820, 'ervindobson@betterlimited.com', 'Accounting Clerk', 'Accounting', 27200);

-- --------------------------------------------------------

--
-- Table structure for table `store`
--

CREATE TABLE `store` (
  `StoreID` int(5) NOT NULL,
  `Address` varchar(50) NOT NULL,
  `Tel` int(8) NOT NULL,
  `StaffID` int(5) NOT NULL
) ENGINE=InnoDB DEFAULT CHARSET=utf8mb4;

--
-- Dumping data for table `store`
--

INSERT INTO `store` (`StoreID`, `Address`, `Tel`, `StaffID`) VALUES
(1, 'store1@gmail.com', 12341234, 10004),
(2, 'store2@gmail.com', 32312123, 10005);

-- --------------------------------------------------------

--
-- Table structure for table `supplier`
--

CREATE TABLE `supplier` (
  `SupplierID` int(5) NOT NULL,
  `SupplierName` varchar(20) NOT NULL,
  `Address` varchar(50) NOT NULL,
  `Tel` int(8) NOT NULL
) ENGINE=InnoDB DEFAULT CHARSET=utf8mb4;

--
-- Dumping data for table `supplier`
--

INSERT INTO `supplier` (`SupplierID`, `SupplierName`, `Address`, `Tel`) VALUES
(10001, 'abc', 'addd', 12345678),
(10002, 'aa', 'sdff', 23456789);

-- --------------------------------------------------------

--
-- Table structure for table `useraccount`
--

CREATE TABLE `useraccount` (
  `UserAccountID` int(5) NOT NULL,
  `StaffID` int(5) NOT NULL,
  `UserName` varchar(20) NOT NULL,
  `Password` varchar(20) NOT NULL,
  `Email` varchar(50) NOT NULL,
  `CreateDateTime` datetime NOT NULL,
  `LastLoginDateTime` datetime DEFAULT NULL
) ENGINE=InnoDB DEFAULT CHARSET=utf8mb4;

--
-- Dumping data for table `useraccount`
--

INSERT INTO `useraccount` (`UserAccountID`, `StaffID`, `UserName`, `Password`, `Email`, `CreateDateTime`, `LastLoginDateTime`) VALUES
(10001, 10001, 'admin', 'Qwer1234!', 'betterlimited10001@gmail.com', '2022-05-24 20:04:05', '2022-06-07 00:39:01'),
(10008, 10001, 'admin2', 'Qwer1234!', 'betterlimited10001@gmail.com', '2022-05-27 04:59:15', NULL),
(10011, 10001, 'admin2', 'Qwer1234!', 'betterlimited10001@gmail.com', '2022-05-27 05:52:37', NULL),
(10012, 10001, 'admin3', 'Qwer1234!', 'betterlimited10001@gmail.com', '2022-05-27 05:55:06', NULL),
(10014, 10002, 'betterlimited', 'Qwer1234!', 'betterlimited999@betterlimited.com', '2022-05-28 05:03:40', '2022-05-28 05:04:10'),
(10015, 10002, 'betterlimmited2', 'Qwer1234!', 'betterlimited999@betterlimited.com', '2022-05-28 05:16:18', '2022-06-04 06:27:20'),
(10020, 10004, 'rockyh', 'Qwer1234!', 'betterlimited10001@gmail.com', '2022-06-05 20:00:39', '2022-06-05 23:29:59'),
(10021, 10017, 'anner', 'Qwer1234!', 'betterlimited10001@gmail.com', '2022-06-05 20:13:28', '2022-06-06 00:04:59'),
(10022, 10006, 'phyllisk', 'Qwer1234!', 'betterlimited10001@gmail.com', '2022-06-05 20:17:34', '2022-06-05 23:23:36'),
(10023, 10014, 'ruthb', 'Qwer1234!', 'betterlimited10001@gmail.com', '2022-06-05 20:19:19', '2022-06-05 21:47:02'),
(10024, 10008, 'robertf', 'Qwer1234!', 'betterlimited10001@gmail.com', '2022-06-05 21:48:36', '2022-06-05 21:56:04'),
(10025, 10023, 'janec', 'Qwer1234!', 'betterlimited10001@gmail.com', '2022-06-05 21:59:32', '2022-06-05 21:59:41'),
(10026, 10005, 'PierreH', 'Qwer1234!', 'betterlimited10001@gmail.com', '2022-06-05 22:40:39', NULL),
(10027, 10007, 'carolync', 'Qwer1234!', 'betterlimited10001@gmail.com', '2022-06-05 22:41:07', NULL),
(10028, 10009, 'rebeccaa', 'Qwer1234!', 'betterlimited10001@gmail.com', '2022-06-05 22:41:29', NULL),
(10029, 10010, 'robertr', 'Qwer1234!', 'betterlimited10001@gmail.com', '2022-06-05 22:41:48', NULL),
(10030, 10011, 'jessey', 'Qwer1234!', 'betterlimited10001@gmail.com', '2022-06-05 22:42:05', NULL),
(10031, 10012, 'carlosr', 'Qwer1234!', 'betterlimited10001@gmail.com', '2022-06-05 22:42:29', NULL),
(10032, 10013, 'carolynw', 'Qwer1234!', 'betterlimited10001@gmail.com', '2022-06-05 22:42:48', NULL),
(10033, 10015, 'jennifers', 'Qwer1234!', 'betterlimited10001@gmail.com', '2022-06-05 22:43:20', NULL),
(10034, 10016, 'peters', 'Qwer1234!', 'betterlimited10001@gmail.com', '2022-06-05 22:43:35', NULL),
(10035, 10018, 'erinb', 'Qwer1234!', 'betterlimited10001@gmail.com', '2022-06-05 22:43:51', NULL),
(10036, 10019, 'lanes', 'Qwer1234!', 'betterlimited10001@gmail.com', '2022-06-05 22:44:11', NULL),
(10037, 10020, 'johnm', 'Qwer1234!', 'betterlimited10001@gmail.com', '2022-06-05 22:44:27', NULL),
(10038, 10021, 'davidl', 'Qwer1234!', 'betterlimited10001@gmail.com', '2022-06-05 22:44:42', NULL),
(10039, 10022, 'robertt', 'Qwer1234!', 'betterlimited10001@gmail.com', '2022-06-05 22:44:58', NULL),
(10040, 10024, 'Ervind', 'Qwer1234!', 'betterlimited10001@gmail.com', '2022-06-05 22:45:18', NULL);

--
-- Indexes for dumped tables
--

--
-- Indexes for table `customer`
--
ALTER TABLE `customer`
  ADD PRIMARY KEY (`CustomerID`);

--
-- Indexes for table `deliveryorder`
--
ALTER TABLE `deliveryorder`
  ADD PRIMARY KEY (`DeliveryID`),
  ADD KEY `FKDeliveryNo330361` (`SalesOrderID`);

--
-- Indexes for table `deliveryorder_item`
--
ALTER TABLE `deliveryorder_item`
  ADD PRIMARY KEY (`DeliveryID`,`itemID`),
  ADD KEY `deliveryorder_item_ibfk_2` (`itemID`);

--
-- Indexes for table `goodreturnnote`
--
ALTER TABLE `goodreturnnote`
  ADD PRIMARY KEY (`ReturnNoteID`),
  ADD KEY `FKGoodReturn385517` (`SupplierID`),
  ADD KEY `FKGoodReturn63513` (`SalesOrderID`);

--
-- Indexes for table `goodreturnnote_item`
--
ALTER TABLE `goodreturnnote_item`
  ADD PRIMARY KEY (`ReturnNoteID`,`ItemID`),
  ADD KEY `FKGoodReturn748003` (`ItemID`);

--
-- Indexes for table `goodsreceivednote`
--
ALTER TABLE `goodsreceivednote`
  ADD PRIMARY KEY (`ReceivedID`,`PurchaseOrderID`),
  ADD KEY `FKGoodsRecei36177` (`PurchaseOrderID`),
  ADD KEY `FKGoodsRecei913086` (`SupplierID`);

--
-- Indexes for table `installationorder`
--
ALTER TABLE `installationorder`
  ADD PRIMARY KEY (`InstallationID`),
  ADD KEY `FKInstallati300044` (`SalesOrderID`);

--
-- Indexes for table `installationorder_item`
--
ALTER TABLE `installationorder_item`
  ADD PRIMARY KEY (`InstallationID`,`itemID`),
  ADD KEY `itemID` (`itemID`);

--
-- Indexes for table `inventorystocklevel`
--
ALTER TABLE `inventorystocklevel`
  ADD PRIMARY KEY (`itemID`);

--
-- Indexes for table `item`
--
ALTER TABLE `item`
  ADD PRIMARY KEY (`ItemID`),
  ADD KEY `FKItem506810` (`SupplierID`);

--
-- Indexes for table `purchaseorder`
--
ALTER TABLE `purchaseorder`
  ADD PRIMARY KEY (`PurchaseOrderID`),
  ADD KEY `FKPurchaseOr510102` (`SupplierID`);

--
-- Indexes for table `purchaseorder_item`
--
ALTER TABLE `purchaseorder_item`
  ADD PRIMARY KEY (`PurchaseOrderID`,`ItemID`),
  ADD KEY `FKPurchaseOr100230` (`ItemID`);

--
-- Indexes for table `reorderrequest`
--
ALTER TABLE `reorderrequest`
  ADD PRIMARY KEY (`ReorderRequestID`),
  ADD KEY `FK_StaffID` (`StaffID`);

--
-- Indexes for table `reorderrequest_item`
--
ALTER TABLE `reorderrequest_item`
  ADD PRIMARY KEY (`ReorderRequestID`);

--
-- Indexes for table `restockrequest`
--
ALTER TABLE `restockrequest`
  ADD PRIMARY KEY (`RestockRequestID`),
  ADD KEY `StaffID` (`StaffID`);

--
-- Indexes for table `restockrequest_item`
--
ALTER TABLE `restockrequest_item`
  ADD PRIMARY KEY (`RestockRequestID`,`itemID`),
  ADD KEY `itemID` (`itemID`);

--
-- Indexes for table `retailstocklevel`
--
ALTER TABLE `retailstocklevel`
  ADD PRIMARY KEY (`itemID`);

--
-- Indexes for table `salesorder`
--
ALTER TABLE `salesorder`
  ADD PRIMARY KEY (`SalesOrderID`),
  ADD KEY `FKSalesOrder557619` (`CustomerID`),
  ADD KEY `FKSalesOrder841473` (`StoreID`),
  ADD KEY `FKSalesOrder426975` (`StaffID`);

--
-- Indexes for table `salesorder_item`
--
ALTER TABLE `salesorder_item`
  ADD PRIMARY KEY (`SalesOrderID`,`ItemID`),
  ADD KEY `FKSalesOrder929714` (`SalesOrderID`),
  ADD KEY `FKSalesOrder804327` (`ItemID`);

--
-- Indexes for table `salesreceipt`
--
ALTER TABLE `salesreceipt`
  ADD PRIMARY KEY (`ReceiptID`),
  ADD KEY `FKSalesRecei652713` (`SalesOrderID`),
  ADD KEY `FKSalesRecei494615` (`CustomerID`);

--
-- Indexes for table `staff`
--
ALTER TABLE `staff`
  ADD PRIMARY KEY (`StaffID`);

--
-- Indexes for table `store`
--
ALTER TABLE `store`
  ADD PRIMARY KEY (`StoreID`),
  ADD KEY `FKStore384954` (`StaffID`);

--
-- Indexes for table `supplier`
--
ALTER TABLE `supplier`
  ADD PRIMARY KEY (`SupplierID`);

--
-- Indexes for table `useraccount`
--
ALTER TABLE `useraccount`
  ADD PRIMARY KEY (`UserAccountID`),
  ADD KEY `FKUserAccoun919948` (`StaffID`);

--
-- AUTO_INCREMENT for dumped tables
--

--
-- AUTO_INCREMENT for table `customer`
--
ALTER TABLE `customer`
  MODIFY `CustomerID` int(5) NOT NULL AUTO_INCREMENT, AUTO_INCREMENT=10013;

--
-- AUTO_INCREMENT for table `deliveryorder`
--
ALTER TABLE `deliveryorder`
  MODIFY `DeliveryID` int(5) NOT NULL AUTO_INCREMENT, AUTO_INCREMENT=10012;

--
-- AUTO_INCREMENT for table `goodreturnnote`
--
ALTER TABLE `goodreturnnote`
  MODIFY `ReturnNoteID` int(5) NOT NULL AUTO_INCREMENT, AUTO_INCREMENT=4;

--
-- AUTO_INCREMENT for table `goodsreceivednote`
--
ALTER TABLE `goodsreceivednote`
  MODIFY `ReceivedID` int(5) NOT NULL AUTO_INCREMENT;

--
-- AUTO_INCREMENT for table `installationorder`
--
ALTER TABLE `installationorder`
  MODIFY `InstallationID` int(5) NOT NULL AUTO_INCREMENT, AUTO_INCREMENT=10008;

--
-- AUTO_INCREMENT for table `item`
--
ALTER TABLE `item`
  MODIFY `ItemID` int(5) NOT NULL AUTO_INCREMENT, AUTO_INCREMENT=10016;

--
-- AUTO_INCREMENT for table `purchaseorder`
--
ALTER TABLE `purchaseorder`
  MODIFY `PurchaseOrderID` int(5) NOT NULL AUTO_INCREMENT, AUTO_INCREMENT=7;

--
-- AUTO_INCREMENT for table `reorderrequest`
--
ALTER TABLE `reorderrequest`
  MODIFY `ReorderRequestID` int(5) NOT NULL AUTO_INCREMENT, AUTO_INCREMENT=10037;

--
-- AUTO_INCREMENT for table `restockrequest`
--
ALTER TABLE `restockrequest`
  MODIFY `RestockRequestID` int(5) NOT NULL AUTO_INCREMENT, AUTO_INCREMENT=10039;

--
-- AUTO_INCREMENT for table `salesorder`
--
ALTER TABLE `salesorder`
  MODIFY `SalesOrderID` int(5) NOT NULL AUTO_INCREMENT, AUTO_INCREMENT=10008;

--
-- AUTO_INCREMENT for table `salesreceipt`
--
ALTER TABLE `salesreceipt`
  MODIFY `ReceiptID` int(5) NOT NULL AUTO_INCREMENT;

--
-- AUTO_INCREMENT for table `staff`
--
ALTER TABLE `staff`
  MODIFY `StaffID` int(5) NOT NULL AUTO_INCREMENT, AUTO_INCREMENT=10045;

--
-- AUTO_INCREMENT for table `store`
--
ALTER TABLE `store`
  MODIFY `StoreID` int(5) NOT NULL AUTO_INCREMENT, AUTO_INCREMENT=3;

--
-- AUTO_INCREMENT for table `supplier`
--
ALTER TABLE `supplier`
  MODIFY `SupplierID` int(5) NOT NULL AUTO_INCREMENT, AUTO_INCREMENT=10003;

--
-- AUTO_INCREMENT for table `useraccount`
--
ALTER TABLE `useraccount`
  MODIFY `UserAccountID` int(5) NOT NULL AUTO_INCREMENT, AUTO_INCREMENT=10041;

--
-- Constraints for dumped tables
--

--
-- Constraints for table `deliveryorder`
--
ALTER TABLE `deliveryorder`
  ADD CONSTRAINT `FKDeliveryNo330361` FOREIGN KEY (`SalesOrderID`) REFERENCES `salesorder` (`SalesOrderID`) ON DELETE CASCADE;

--
-- Constraints for table `deliveryorder_item`
--
ALTER TABLE `deliveryorder_item`
  ADD CONSTRAINT `deliveryorder_item_ibfk_1` FOREIGN KEY (`DeliveryID`) REFERENCES `deliveryorder` (`DeliveryID`) ON DELETE CASCADE,
  ADD CONSTRAINT `deliveryorder_item_ibfk_2` FOREIGN KEY (`itemID`) REFERENCES `salesorder_item` (`ItemID`) ON DELETE CASCADE;

--
-- Constraints for table `goodreturnnote`
--
ALTER TABLE `goodreturnnote`
  ADD CONSTRAINT `FKGoodReturn385517` FOREIGN KEY (`SupplierID`) REFERENCES `supplier` (`SupplierID`) ON DELETE CASCADE,
  ADD CONSTRAINT `FKGoodReturn63513` FOREIGN KEY (`SalesOrderID`) REFERENCES `salesorder` (`SalesOrderID`) ON DELETE CASCADE;

--
-- Constraints for table `goodreturnnote_item`
--
ALTER TABLE `goodreturnnote_item`
  ADD CONSTRAINT `FKGoodReturn395895` FOREIGN KEY (`ReturnNoteID`) REFERENCES `goodreturnnote` (`ReturnNoteID`) ON DELETE CASCADE,
  ADD CONSTRAINT `FKGoodReturn748003` FOREIGN KEY (`ItemID`) REFERENCES `item` (`ItemID`) ON DELETE CASCADE;

--
-- Constraints for table `goodsreceivednote`
--
ALTER TABLE `goodsreceivednote`
  ADD CONSTRAINT `FKGoodsRecei36177` FOREIGN KEY (`PurchaseOrderID`) REFERENCES `purchaseorder` (`PurchaseOrderID`),
  ADD CONSTRAINT `FKGoodsRecei913086` FOREIGN KEY (`SupplierID`) REFERENCES `supplier` (`SupplierID`) ON DELETE CASCADE;

--
-- Constraints for table `installationorder`
--
ALTER TABLE `installationorder`
  ADD CONSTRAINT `FKInstallati300044` FOREIGN KEY (`SalesOrderID`) REFERENCES `salesorder` (`SalesOrderID`);

--
-- Constraints for table `installationorder_item`
--
ALTER TABLE `installationorder_item`
  ADD CONSTRAINT `installationorder_item_ibfk_1` FOREIGN KEY (`itemID`) REFERENCES `salesorder_item` (`ItemID`) ON DELETE CASCADE,
  ADD CONSTRAINT `installationorder_item_ibfk_2` FOREIGN KEY (`InstallationID`) REFERENCES `installationorder` (`InstallationID`);

--
-- Constraints for table `inventorystocklevel`
--
ALTER TABLE `inventorystocklevel`
  ADD CONSTRAINT `FK_itemID` FOREIGN KEY (`itemID`) REFERENCES `item` (`ItemID`) ON DELETE CASCADE;

--
-- Constraints for table `item`
--
ALTER TABLE `item`
  ADD CONSTRAINT `FKItem506810` FOREIGN KEY (`SupplierID`) REFERENCES `supplier` (`SupplierID`) ON DELETE CASCADE;

--
-- Constraints for table `purchaseorder`
--
ALTER TABLE `purchaseorder`
  ADD CONSTRAINT `FKPurchaseOr510102` FOREIGN KEY (`SupplierID`) REFERENCES `supplier` (`SupplierID`);

--
-- Constraints for table `purchaseorder_item`
--
ALTER TABLE `purchaseorder_item`
  ADD CONSTRAINT `FKPurchaseOr100230` FOREIGN KEY (`ItemID`) REFERENCES `item` (`ItemID`) ON DELETE CASCADE,
  ADD CONSTRAINT `FKPurchaseOr444232` FOREIGN KEY (`PurchaseOrderID`) REFERENCES `purchaseorder` (`PurchaseOrderID`) ON DELETE CASCADE;

--
-- Constraints for table `reorderrequest`
--
ALTER TABLE `reorderrequest`
  ADD CONSTRAINT `FK_StaffID` FOREIGN KEY (`StaffID`) REFERENCES `staff` (`StaffID`) ON DELETE CASCADE;

--
-- Constraints for table `reorderrequest_item`
--
ALTER TABLE `reorderrequest_item`
  ADD CONSTRAINT `FK_ReOrderRequestID` FOREIGN KEY (`ReorderRequestID`) REFERENCES `reorderrequest` (`ReorderRequestID`) ON DELETE CASCADE;

--
-- Constraints for table `restockrequest`
--
ALTER TABLE `restockrequest`
  ADD CONSTRAINT `restockrequest_ibfk_1` FOREIGN KEY (`StaffID`) REFERENCES `staff` (`StaffID`) ON DELETE CASCADE;

--
-- Constraints for table `restockrequest_item`
--
ALTER TABLE `restockrequest_item`
  ADD CONSTRAINT `restockrequest_item_ibfk_1` FOREIGN KEY (`itemID`) REFERENCES `item` (`ItemID`) ON DELETE CASCADE,
  ADD CONSTRAINT `restockrequest_item_ibfk_2` FOREIGN KEY (`RestockRequestID`) REFERENCES `restockrequest` (`RestockRequestID`) ON DELETE CASCADE;

--
-- Constraints for table `retailstocklevel`
--
ALTER TABLE `retailstocklevel`
  ADD CONSTRAINT `FK_itemIDrs` FOREIGN KEY (`itemID`) REFERENCES `item` (`ItemID`) ON DELETE CASCADE;

--
-- Constraints for table `salesorder`
--
ALTER TABLE `salesorder`
  ADD CONSTRAINT `FKSalesOrder426975` FOREIGN KEY (`StaffID`) REFERENCES `staff` (`StaffID`) ON DELETE CASCADE,
  ADD CONSTRAINT `FKSalesOrder557619` FOREIGN KEY (`CustomerID`) REFERENCES `customer` (`CustomerID`),
  ADD CONSTRAINT `FKSalesOrder841473` FOREIGN KEY (`StoreID`) REFERENCES `store` (`StoreID`);

--
-- Constraints for table `salesorder_item`
--
ALTER TABLE `salesorder_item`
  ADD CONSTRAINT `FKSalesOrder804327` FOREIGN KEY (`ItemID`) REFERENCES `item` (`ItemID`) ON DELETE CASCADE,
  ADD CONSTRAINT `FKSalesOrder929714` FOREIGN KEY (`SalesOrderID`) REFERENCES `salesorder` (`SalesOrderID`) ON DELETE CASCADE;

--
-- Constraints for table `salesreceipt`
--
ALTER TABLE `salesreceipt`
  ADD CONSTRAINT `FKSalesRecei494615` FOREIGN KEY (`CustomerID`) REFERENCES `customer` (`CustomerID`),
  ADD CONSTRAINT `FKSalesRecei652713` FOREIGN KEY (`SalesOrderID`) REFERENCES `salesorder` (`SalesOrderID`) ON DELETE CASCADE;

--
-- Constraints for table `store`
--
ALTER TABLE `store`
  ADD CONSTRAINT `FKStore384954` FOREIGN KEY (`StaffID`) REFERENCES `staff` (`StaffID`) ON DELETE CASCADE;

--
-- Constraints for table `useraccount`
--
ALTER TABLE `useraccount`
  ADD CONSTRAINT `FKUserAccoun919948` FOREIGN KEY (`StaffID`) REFERENCES `staff` (`StaffID`) ON DELETE CASCADE;
COMMIT;

/*!40101 SET CHARACTER_SET_CLIENT=@OLD_CHARACTER_SET_CLIENT */;
/*!40101 SET CHARACTER_SET_RESULTS=@OLD_CHARACTER_SET_RESULTS */;
/*!40101 SET COLLATION_CONNECTION=@OLD_COLLATION_CONNECTION */;
