-- phpMyAdmin SQL Dump
-- version 5.1.1
-- https://www.phpmyadmin.net/
--
-- Host: 127.0.0.1
-- Generation Time: Jun 06, 2022 at 09:39 PM
-- Server version: 10.4.22-MariaDB
-- PHP Version: 8.1.2

SET SQL_MODE = "NO_AUTO_VALUE_ON_ZERO";
START TRANSACTION;
SET time_zone = "+00:00";


/*!40101 SET @OLD_CHARACTER_SET_CLIENT=@@CHARACTER_SET_CLIENT */;
/*!40101 SET @OLD_CHARACTER_SET_RESULTS=@@CHARACTER_SET_RESULTS */;
/*!40101 SET @OLD_COLLATION_CONNECTION=@@COLLATION_CONNECTION */;
/*!40101 SET NAMES utf8mb4 */;

--
-- Database: `betterlimited`
--

-- --------------------------------------------------------

--
-- Table structure for table `customer`
--

CREATE TABLE `customer` (
  `CustomerID` int(5) NOT NULL,
  `Name` varchar(20) NOT NULL,
  `Address` varchar(50) DEFAULT NULL,
  `Tel` int(8) NOT NULL
) ENGINE=InnoDB DEFAULT CHARSET=utf8mb4;

--
-- Dumping data for table `customer`
--

INSERT INTO `customer` (`CustomerID`, `Name`, `Address`, `Tel`) VALUES
(10001, 'ABC', 'HK', 23984221),
(10002, 'Chan ', 'dasdasda@gmail.com', 32312123),
(10003, 'Chan', 'dasdasda@gmail.com', 6234232),
(10004, 'sdas', 'ytwghhfd@gmail.com', 32334123),
(10005, 'SDA', 'thgfhf@gmail.com', 32342123),
(10006, 'DAD', 'rthregh4ew@gmail.com', 3231223),
(10007, 'CADA', 'uikergt@gmail.com', 98888553),
(10008, 'SANASsdasgduj', 'kiewgu@gmail.com', 12378553),
(10009, 'GFS', 'kiegfhi@gmail.com', 12461233),
(10010, 'CVX', 'muiyuw@gmail.com', 97525356),
(10011, 'MID', '234612@gmail.com', 76431233),
(10012, 'Tony', 'dsjw22@gmail.com', 31289054);

-- --------------------------------------------------------

--
-- Table structure for table `deliveryorder`
--

CREATE TABLE `deliveryorder` (
  `DeliveryID` int(5) NOT NULL,
  `SalesOrderID` int(5) NOT NULL,
  `DeliveryDate` date NOT NULL,
  `DeliveryTime` time NOT NULL,
  `DeliveryStatus` enum('pending','In-transit','delivered') NOT NULL DEFAULT 'pending'
) ENGINE=InnoDB DEFAULT CHARSET=utf8mb4;

--
-- Dumping data for table `deliveryorder`
--

INSERT INTO `deliveryorder` (`DeliveryID`, `SalesOrderID`, `DeliveryDate`, `DeliveryTime`, `DeliveryStatus`) VALUES
(10001, 10001, '2022-06-04', '07:03:00', 'In-transit'),
(10004, 10001, '2022-06-14', '38:19:52', 'pending'),
(10005, 10001, '2022-06-15', '05:14:29', 'pending'),
(10006, 10001, '2022-06-29', '38:26:52', 'In-transit'),
(10007, 10001, '2022-06-29', '38:26:52', 'In-transit'),
(10008, 10001, '2022-06-29', '38:26:52', 'In-transit'),
(10009, 10001, '2022-06-29', '38:26:52', 'In-transit'),
(10010, 10001, '2022-06-29', '38:26:52', 'In-transit');

-- --------------------------------------------------------

--
-- Table structure for table `deliveryorder_item`
--

CREATE TABLE `deliveryorder_item` (
  `DeliveryID` int(5) NOT NULL,
  `itemID` int(5) NOT NULL,
  `Qty` int(5) NOT NULL DEFAULT 1
) ENGINE=InnoDB DEFAULT CHARSET=utf8mb4;

--
-- Dumping data for table `deliveryorder_item`
--

INSERT INTO `deliveryorder_item` (`DeliveryID`, `itemID`, `Qty`) VALUES
(10005, 10004, 1),
(10006, 10006, 4);

-- --------------------------------------------------------

--
-- Table structure for table `goodreturnnote`
--

CREATE TABLE `goodreturnnote` (
  `ReturnNoteID` int(5) NOT NULL,
  `SalesOrderID` int(5) NOT NULL,
  `SupplierID` int(5) NOT NULL
) ENGINE=InnoDB DEFAULT CHARSET=utf8mb4;

--
-- Dumping data for table `goodreturnnote`
--

INSERT INTO `goodreturnnote` (`ReturnNoteID`, `SalesOrderID`, `SupplierID`) VALUES
(1, 10006, 10001),
(2, 10004, 10002),
(3, 10003, 10001);

-- --------------------------------------------------------

--
-- Table structure for table `goodreturnnote_item`
--

CREATE TABLE `goodreturnnote_item` (
  `ReturnNoteID` int(5) NOT NULL,
  `ItemID` int(5) NOT NULL,
  `Qty` int(11) DEFAULT NULL
) ENGINE=InnoDB DEFAULT CHARSET=utf8mb4;

-- --------------------------------------------------------

--
-- Table structure for table `goodsreceivednote`
--

CREATE TABLE `goodsreceivednote` (
  `ReceivedID` int(5) NOT NULL,
  `PurchaseOrderID` int(5) NOT NULL,
  `SupplierID` int(5) NOT NULL,
  `InboundDate` date NOT NULL,
  `InboundTime` time NOT NULL
) ENGINE=InnoDB DEFAULT CHARSET=utf8mb4;

-- --------------------------------------------------------

--
-- Table structure for table `installationorder`
--

CREATE TABLE `installationorder` (
  `InstallationID` int(5) NOT NULL,
  `SalesOrderID` int(5) NOT NULL,
  `InstallationDate` date NOT NULL,
  `InstallationTime` time NOT NULL,
  `InstallationStatus` enum('pending','installed') DEFAULT 'pending'
) ENGINE=InnoDB DEFAULT CHARSET=utf8mb4;

--
-- Dumping data for table `installationorder`
--

INSERT INTO `installationorder` (`InstallationID`, `SalesOrderID`, `InstallationDate`, `InstallationTime`, `InstallationStatus`) VALUES
(10001, 10001, '2022-06-04', '08:35:00', 'pending'),
(10002, 10007, '2022-06-15', '00:15:01', 'installed'),
(10003, 10006, '2022-06-15', '00:15:01', 'installed'),
(10004, 10005, '2022-06-15', '00:15:01', 'installed'),
(10005, 10004, '2022-06-15', '00:15:01', 'installed'),
(10006, 10007, '2022-06-15', '00:15:01', 'installed'),
(10007, 10007, '2022-06-15', '00:15:01', 'installed');

-- --------------------------------------------------------

--
-- Table structure for table `installationorder_item`
--

CREATE TABLE `installationorder_item` (
  `InstallationID` int(5) NOT NULL,
  `itemID` int(5) NOT NULL,
  `Qty` int(5) NOT NULL DEFAULT 1
) ENGINE=InnoDB DEFAULT CHARSET=utf8mb4;

-- --------------------------------------------------------

--
-- Table structure for table `inventorystocklevel`
--

CREATE TABLE `inventorystocklevel` (
  `itemID` int(5) NOT NULL,
  `itemName` varchar(50) NOT NULL,
  `Quantity` int(3) NOT NULL,
  `LowLevelQty` int(3) NOT NULL DEFAULT 5
) ENGINE=InnoDB DEFAULT CHARSET=utf8mb4;

--
-- Dumping data for table `inventorystocklevel`
--

INSERT INTO `inventorystocklevel` (`itemID`, `itemName`, `Quantity`, `LowLevelQty`) VALUES
(10001, 'Iphone7', 20, 5),
(10002, 'Iphone8', 20, 5),
(10004, 'Iphone8', 0, 5),
(10005, 'Iphone9', 7, 5),
(10006, 'Iphone10', 20, 5),
(10007, 'Iphone11', 8, 5),
(10008, 'Iphone12', 3, 5),
(10018, 'HP Victus RTX 3050 Gaming Notebook', 12, 5),
(10019, 'MIELE Dishwashers G5000CSC', 3, 5);

-- --------------------------------------------------------

--
-- Table structure for table `item`
--

CREATE TABLE `item` (
  `ItemID` int(5) NOT NULL,
  `ItemCat` varchar(20) NOT NULL,
  `ItemName` varchar(50) NOT NULL,
  `ItemDesc` varchar(50) NOT NULL,
  `ItemImg` mediumblob DEFAULT NULL,
  `SalePrice` int(11) NOT NULL,
  `SupplierID` int(5) NOT NULL,
  `SupplierPrice` int(20) NOT NULL,
  `WarrantyMonth` int(11) NOT NULL,
  `AllowDelivery` enum('true','false') NOT NULL DEFAULT 'false'
) ENGINE=InnoDB DEFAULT CHARSET=utf8mb4;

--
-- Dumping data for table `item`
--

INSERT INTO `item` (`ItemID`, `ItemCat`, `ItemName`, `ItemDesc`, `ItemImg`, `SalePrice`, `SupplierID`, `SupplierPrice`, `WarrantyMonth`, `AllowDelivery`) VALUES
(10001, 'phone', 'Iphone7', '128GB', 0xffd8ffe000104a46494600010100000100010000ffdb0084000a07080f110f110f10100f100f0f100f0f100f0f0f110f0f0f1018141919191418181c202e251c1e2b2318182638262c2f343535371a243b403b343f2e423631010c0c0c100f101c12121e3f2b2124313434343134313134343431313f363134313434343434343134343f34313434343135343431343434343431343434343431ffc000110800e100e103012200021101031101ffc4001c0001000203010101000000000000000000000102030405060708ffc40047100002010201040d0a0403070500000000000102031104051221311315223341515253717291a1d1061432618192b1b2b3c1345493a2426273072324358283d21625e1f0f1ffc4001a010100030101010000000000000000000000010304020506ffc400321101000102040207070403000000000000000102110304123151b1052141718191c11532335272a1d11361e1f0142242ffda000c03010002110311003f00fb300000000000002929a8e96d25c6da453ce29f2e1efc40cc0c3e714f970f7e23ce29f2e1efc416966061f38a7cb87bf11e714f970f7e20b4b3030f9c53e5c3df88f38a7cb87bf105a598187ce29f2e1efc479c53e5c3df882d2cc0c3e714f970f7e23ce29f2e1efc416966061f38a7cb87bf11e714f970f7e20b4b3030f9c53e5c3df8978d48cbd1927d0d302e0000000000000000000000006b626a3568c2d9f2bd9bd515c3266c9a6aea7566d6a8a8c5f1a51bbef644a6189c2117a53a93e194b74fff001d08aac442f6d8e175c1a2ff0003e4dfdb1e54c429e1b090954861aa539d4a99927155e79d9b992b6b515676d5bb5c48e67f65f94b110c54f0ca739e1d53cf8c24dca34e5b2460b374ee5494ddd2f5711cda6d75978d5a65f6dd9a1cdc3bbc06cd0e6e1dde073e9e2272ab560e8d48469a83856938e657ce8b6d41279db9d4ee97a8cf095efea7af8ce6f2b34d2d9d9a1cdc7bbc09d9a1cdc7b1781af7171794e886c6cd0e6e3d8bc06cb0e447b178182e2e3549a61b1b2c3911eef021ec53d12828f135a2ded461b8b8b9a619b734eeaa66e6a8ca4aa4acad18abb527ea5a6e5f0d3a55210ab4dc274ea423384e16719424aea49f13452b67ba3782529c5a714ef6725a93f51c8588cb895960f25a4b424b1f88492fd12c867abaa5dfd8e3c95d83638f2576130bd96724a5659c93ba4f8527c28b12e6f2a6c71e4aec2b2a107c166b535a1a3281684de54a3524a59927776bc65c6b89facd9356bc5ee24b5c671d5c4dd9f71b44120009400000000000000000736bd5967548df729c525a39299d239388df2a74af9627356cef0f77172e643c36369ec75e9c6714f3a39d9c9c65c6a516a517d0f4f098321793385c15f618462db4ddb39b6d5ece52937295aeed77657765a4ed5c5cada2d17bad71722e2e42524dc8b8b813726e56e4dc09b92509b8197659460eceda57acdbd961c7dcce7cfd07ec329650cf88cf5b174e9c5ca72cd8c6d7766ed776e0473abf95193e9db64c44637d578557f0895caf1be1ea2fe5bf634cf9979430dcc5fae4be06aa30e2ac39ab84b5e4b2b463cdaa99f0f3e12fa43f2cf25fe6e3ee56ff00815ffad7257e723fa55bfe27c5e48c6d111870db5f45e146d33e71f87e82a38d856a34abd196753a92838c926b3a2e567a1abf19d23cbf925fe5581ff6fea33d414cef2f1aba6299988ec990001c0000000000000000072313be54e98fcb13ae71ab6f957acbe547356cb30f761b9256e2e54d0b5c5c81702c2e4c68c9aba8bb19ead27659b16a315a5bb6749f1b5ac9b2354305c5cadc5c84ac4dcadc5c0b4fd07ecf8998c12f41fb3e2672ca1462f631e2a19d4e71e5424bdb63e6d9729de937c9927f63e9a788cb385b4ead37a9b925d57a57d8db97eba6aa38ff007f0d9d1d89a6bf29fcbe7b346368dac4527094a2d59a6d330347312fa4c4a1f68f24ff00cab03fedfd467a73cb7930bfed3835ea87d467a933f6cbe431bdfabbe40005200000000000000001c5afbe55eb2f951da38d8bdf6a74c7e489cd5b2cc3dd8014054d0b1686b57d57452e00ec2663c4b7992b6bb7770986962a39bba766b5e87a4b4b150cdba777c0acf5965d55a5a40adc8b95ad5c9b9522e48c8dee1fb0d835dfa2fd86c1dd0a317b0389e51612ea3552d5b8974703fb761db29569c6717092bc649a6bd45d875e8aa2a461627e9d7153e5d96b019cb648add25ba5c6b8cf38d1f44ca1849529b8cb56b8be0947819e672a649d73a6bd728af8af035e2e1dff00de9da7fb77d3e57334cd314d53dd2fa37935fe5582ff0046ad7be33d41e67c9956c99825eba5f559e98c3db2f9bcc45b12bfaaae60002800000000000000000e2e2f7dabd31f922768e2e2f7dabd31f9227356cb30f76adc117054d09b93722e00917205c0b5c1526e0496297170323f41f4af89b46a3f41fb0db2ca1462f6008173b54d6ca1828d68d9e892d319713f03c962684a9c9c26acd707dcf6c68e52c3d2a91b4a708cd7a337249af53f51a3031f47555b726acb66344e99db97f0d8c96bfc1e1bad4fea33b871b05071c2e1e2da6d4e9abc5a945ff79c0cec94d737ae7bd4e27bd3df2000e558000000000000000071319bed5e98fc913b670f19bed5e98fc9139ab65987bb56e2e56e2e54d0b1256e2e05ae08005815240904002f395a126f52d2fd8694fca3c3ad4aa3e88c7eecdaafbcd4eacbe078196b38af1268d9bb2393c3cc6a9afb2db7ef77a8abe54afe0a5ed9cfec97dcd0c4794b8897a3b1c3a9077fdd738b621a2a9c799ed7ab4747e568ff0088f1ebe776c62329d7a9e954a8fd4e6dc7b351a8eb3e325c4a3888c46ea229a62d4f577753e93911df01847fcd4bea33d09e7b227e0309d7a5f519e84db4ecf8acd7c6afeaab98003a6700000000000000000e16377dabd31f922774e0e3b7dabd31f9227356cb30f769dc9b95b8b9534ad726e56e2e05ae2e56e4dc0b5c5ca937085ae0adc5c0b57de6a7565f03c2c9693dcd7dea7d57f03c4b5a4c59caad34f8bd7e8a9b46277c7ab1d88b17b068c9adeadd8da2ae265b1163a8a9d5df41c8df81c275e97d467a03cfe48fc0e13af4bea33d01ed61fbb1dd0f8dccfc5afeaab98003b6700000000000000000e063f7dabd31f96277cf3f8fdfaaf4c7e489cd5b2cc2dda77172b724a9a5371722e2e05ae2e45c5c0b5c5ca8b816b9372b7005eb6f53eabf81e319ecaaef53eabf81e46349bd7b95dfd879dd21369a3c7d1e9f464c44577fdbd58466b7a937d0ae6ca8c1705df1bd24bac79b38d11b3d39af8435f609725959519ad719763367660ab11fe44f046bab83da649fc0e13af4bea33d01c3c04af83c2be3a94bea1dc3e9f0bdca7ba393e533137c4abeaab98002c5000000000000000001e7f286fd57a63f244f4079eca1bf55e98fc9139ab65985bb46e2e541534ad726e56e2e05ae4dcc4aa46f6babf116ce5c6bb40bdc9b944c9b816b8b95b937032547fdd4faacf212a87adabbd4faafe0789948f27a577a3c7d1ea74645f5f87ab2b995cf31dc93c9b3d6d29ce2ca454098459f41c98ffc1613af4bea33be70325fe0709fd4a3f519df3ebb03e1d3dd1c9f2198f895fd55730005aa000000000000000003cee51dfaaf4c7e489e88f399477eabd31f9227356cb30b773c117054d2b0651a4c66affd6c0854636edd3c3a48f378dada74d9705f42b16cd44e6a02d056497116b98f351649017b8b950065abbd4fab2f81e21eb3dad4dea7d57f03c61e4f4a6f478fa3d5e8adb13be3d424dda584a52a716ea461277cece945df4bd0a2b4ad1c7f72eb2741a6d568bcdd6d285ad9d9adfa5a97ff002e79f1835cedce1e8feb511bf2973c1d1daea6b44ab413dcebcd5a2cefa2fd1c5a9e839f638ae89a77754625356cf7f92ff0384ebd2faacf4079fc97f81c27f528fd467a03eaf03e1d3dd1c9f2399f8b5fd55730005aa000000000000000003ce652dfaaf4c7e489e8cf3d94e94b64ab2cd79adc7756d1e8c51cd5b2cc3ddcab9372b7172a695ae4dcadc5c0b0b95b937026e2e45c9b812495b8b8196a6f53eabf81e3ec7b6c3d194e0ed0725749e8d1d06ff99e153519e128c73dd94b62a728397046f6ba7d297699735939cc69989b5aff00769cae768cb6a8aa266f6dbf67ceac49f4ddacc2fe5e87e8d3f01b5b86fcbd0fd2878193d8f5fcf1e5fcb57b670be59fb3e65a41f4ddaec37e5e87e943c06d761bf2f43f4a1e047b22bf9e3c8f6ce17cb3f66864cfc0e0ff00a947ea33d01ceaf414614e14e2a318d5a4d46292518a95de83a27b5874e9a629e1110f0f16bd754d5c6667cc001dab00000000000000000e6557294f114dbd708ba6b46a71b3ef3a668e368cdb8d5a693a904d38b765383d71bf03e1444a6979464dceb56c352ad2728cf63a9fc74e6ad2bfae2f4dfd68c5b512e729f795e996ad71dae75c5ce8ed44b9ca7de36a25ce53ef1a64d74f173c5ce8ed44b9ca7de36a25ce53ef1a64d74f173c5ce86d4cb9ca7de36a65ce53ef1a64d74f173c9b9d0da997394fbcb47034a1baab522d2fe15a2ff7634c9ae967c3b9430d049da539c547fd52f03a3898674251e34edd6fe17d37b1a54ef524aa396c7186f71dce73e39493d5a352376328f0cd49f4c52ec45910cf54f5b2829b247951ed43648f2a3da8e9c2e0a6c91e547b518eb6329c16ea71bf0453ce93e84811d68c6546b628c5da52ad4d74c53bcbb8de39f84a539cf66a89c6c9c6941eb8a7ae4ff999d03984cf00004a000000000000000002ad265801a75727509bbca19cf8dca4fee536a70dcd47b65e26f822c98998d9a1b5386e6a3db2f11b5386e6a3db2f137c0b41aa78b436a70dcd47b65e236a70dcd47b65e26f8168354f173b69f0dcdfee9f88da6c3737fbe7e27441368354f173b69b0dcdfef9f891b4b85d7b1fefa9e27480b41aa78b436a70dcdaf7a5e24ed561f9a5db2f137811684eaab8b476ab0fcd2ed9788daac3f34bb65e26f01683555c5a3b5587e6976cbc4b52c9f420f3a3051971a6eff1370136844cccf6a1120040000000000000000000000000000000000000000000000000000000000000000000000003ffd9, 7000, 10001, 6000, 12, 'false'),
(10002, 'phone', 'Iphone8', '128GB', 0xffd8ffe000104a46494600010100000100010000ffdb0084000906070d0f0f100d0f0e0d0f100d0f0d0f0f0d0f0d0f0f0d100d1511181615121313181c2820181a251b151523312125352b2e2e2e171f3338332d3d282f2e2b010a0a0a0e0d0e1b100f1937211e1d2b2d37352d3536312d2d372b362b2b2d37372f37382b2c2b2d2b2f2b2b2d2d2d2b2b2d2d2d3137372f2d382b2d2d2d2c2d2bffc000110800e100e103012200021101031101ffc4001c0001000203010101000000000000000000000108040506030207ffc4004910000201020104091106050403000000000001020311040512213106345461737493b2d113151622334151537181829194a1b3c2d20714324252b123247292c162a2c3f0446364ffc4001a010101010003010000000000000000000000010403050602ffc400281101000201020406020300000000000000000102110304122131713233344151f01372051422ffda000c03010002110311003f00fdc40000000000001898aca985a2f36ae230f49f82a56a707ea6cf0ec87276eec17b551fa80d9035bd90e4eddd82f6aa3f50ec87276eec17b551fa80d9035bd90e4eddd82f6aa3f50ec87276eec17b551fa80d9035bd90e4eddd82f6aa3f50ec87276eec17b551fa80d9035bd90e4eddd82f6aa3f510f64593b7760bdaa8fd406cc1acec87276eec17b551fa8764393b7760bdaa8fd406cc1acec87276eec17b551fa8764393b7760bdaa8fd406cc1acec87276eec17b551fa8f5c3e58c1d579b4f1586a927f9615e9ce5ea4c0ce0000000000000000000000003f2ffb4fd9a56a752593f09374dc147ef15a2ed3ce92baa70977b46b6bbfa3459a7fa815bb641573f17889cdbb4f198972f0a59fa7fc81a99d5d3db49de4efa65a5b26e73b89cc954a8eb4a4a5d56a2b25aa9afc36ded7eef09b7c254a8f0d4a5652a8e2eea52b26b3da8b6ffa6c54cb2ee2e761b15c26499e0ea4b152a7d56f3cf73a99b5210b76ae9abfed7bbd1bc71a9932fac3eae2e7c8b951f57173e45c0fab90e6d77dfad9173e1b03172bbc475375a957af1705db463566a2e2bbe95ec9aded16bf80e7baef8bdd388e5a7d275f4a29c669ea6b4f9ef17ee93388cf8fe85fdcc8323aef8bdd388e5a7d23aef8bdd388e5a7d261bf56f10066f5df17ba711cb4fa4fba796b18bff22abde9cbaa47d52ba35e00fdc7ec8fed1eb4aa47078a9395394a104db6fa9ca4ed1945bd2a37b271d4b5ab24d3fdc8a75b0f9dab54d2d25464f46bfc71575bf66fd65bfc15473a54e6f5ce9c24fcae2981ec00000000000000000000568d906d8c471ac4fef12cb959f641b6311c6b13f281a7ab85a7279d28a6fc3647b2201448200120800482086c049904003230daa5e87391c54b0734da764d369a77ba7df4ced30aff0017a1cf473789ab9f39ced6cf9ce56f05db6588cb9b474e2f9cb5df7596f7ac7dd65bdeb33417861cff00d7a3168e02a4e4a31b36f7cf4964aacbf4ff0071bbc9b4b369ba8f5cee97f4a7a7dffb113671e79e21bb4ff8dd39a45ad9e7f7e1e7b13a3286267195afd46fa1ff00ed816db26770a3c152e622a8e41db92e03fe5816bb26770a3c152e622ba8d6a452f358f696480038c00000000000000002b165aa8e55aacdacd72c456938def66d45dafdf2ce95832bbfe2d4e1aaf3605184080048200120f9b9b1ca5926a61a146755c54b11194d5257cf8415ace5e0bdf56f01afb9f370d900482001938457ce5e1cce7a399a90716e2f5c5b8bf2a763a6c0eb7e5a7cf473b8d7fc5a9c254e733eaad5b6eb2f12526f42d6f42f29064e4d86756a6bfd59dfdbdb7f82cce232d95af15a23e5b6c44545460b54128fa9189232b14f4b316467af47797ae3943d320edc9701ff002c0b55916a396170f36b35cb0f424e374ecdd34ed7ef955b20edc9700be2c0b51905ff002986e2d87f868e4794dcf9d6ef2ce0007000000000000000000563d90452c4574924962710924ac9259b6491670ac9b23db388e3588f940d5800a0010c0fd53276c53054e8c69d4a34eacdc5754a93579395b4e6bfcabc87e7bf68394e94b170c0e12c9d197f1f13294aad595449ff000b3e4db718abe8bdafe43a7cbbb39851c990ad4e4bef75a3d4630d19d4eb28a53a8d7815d35e1ce8ef9f8dd2954751359cea395eeeee4e4fbeee07540f95bfafbf6d572409040032706af9cbc399cf4737560e32945eb8ca516f7d3b1d2e035bf2d3e7a39ec63bd5a8fc352a3ff732c356dbacbc4cfc86af5bc909bf75bfc9806c720f767c1cff00c1353c32ec76fe6d7bc332beb67848c9aeb4b31e48e0acbbcd487d642db92e017c5816b325452c3d04924951a2924ac92505a122a9e43db92e2fff002c0b5b933b851e0a97311cb1d1e4375e75fbcb240056700000000000000000ac7b237fcce238d623e52ce158b649b6711c6b11f281abb8b900a26e2e410d80767e6d4468d7dff0f7c002410009040032709f9bd0e7239a474983fcde87391cda2c356dbdd26764495b110ff567c7d716609e985ab995213fd138cbcc9e925a335986ed2b70de2df130df6263a598d246c31d0b48c19a3256793d2dea8c89b725c5d7c5816b326770a3c152e622a9e45dbb2e2ebe2c0b59933b851e0a97311a6bd1e2f79e7dfbcb240056600000000000000000ac3b257fcce238d623e52cf158364db6b11c6b11f281abb8b9f22e512d9045c0120800482001208006560ff37a1ce473963a2c17e6f439c8e6e9e2e9cb43bc1eff006d1f5a2c4e1a76d6ac673387d107aca9e8bab34f534ee9f9cf3656c9874f87a9d570f4e7df4b325fd51d1fb59f9cc69a3c763b88eda541eaa9db43844b579d7ec8cdaf4eccc568e1b4c3d2ed353f2e8c4fbc31723edd97175f1605abc99dc28f054b988aab9276ecf8baf8b02d564cee14782a5cc468af4878fdefa8bf7964800fa6500000000000000000abfb26db588e3588f94b4055ed93edac471ac47ca06a88b900a241000904002410009040032b05f9bd0e7238a3b4c17e6f439c8e2c0f6c3e22507a1e87ae2ff0bf29b18ca338e7c7cebbf17e03507b61abb84afad3d128f8511a3475b8794f467c64e2d493b38b4d35ad35a99d553aaabd2555593d538afcb35afcddff0039cc4d2694a2eea5a5332f2363ba8d4b4bb9d4b467bde0979bf6b9f1ad4e2ae63ac3bad96e3f0ea627c33f72cfc96bf9e9f175f1605a8c99dc28f054b988ab986866e519affe78fc48168f26770a3c152e622d3c30ea37fea753f6964800fa6400000000000000000abbb28db588e3588f94b4455cd946dac471ac47ca06a4100a241000904002410009040032f03f9bd0e7238b3b3c0eb97a1ce47180000419582c4e6f6b2fc12ff6bf099b5216ff00ba2c6a0cbc263335664eee3defd51f26f6f16270d5a1ad11fe6cdfec76aca78a79cef9b86504fbf9aaac2c5b0c99dc28f054b988a9bb197178a938b4d3a1ad70b02d964cee14782a5cc4470eace6f32c9000718000000000000000055bd94edac471ac47ca5a42adeca76d6238d623e5035008051208004822e0090400241000cbc06b97a1ce471a76380d72f439c8e380000800003a1d86f779702fe2c0b73933b851e0a9731151b61bdde5c0bf8b02dce4cee14782a5cc406480000000000000000000156b655b6f11c6b11f29694ab3b2adb788e3588f940d402014482001e2a92b7e2d3a74ea2731febf7bd77bdcfb7e47ee0bc9fb0134d34acddf7cfa2001208006664fd72f439c8e38ec327eb7e87391c780065e07013aca798e37824f35df3a57bea496f6b7a168b9f71c918a76fe14b4dac9b8a6ef1ced09bf069f3320c106c2191b12ddb32da24d3ce52ba4afa146edeb4aebbed18989c3ce94b3271719593b687a1f7ee80de6c37bbcb817f1605b9c99dc28f054b988a8db0deef2e05fc5816e726770a3c152e62032400000000000000000000ab3b2bdb788e3588f94b4c558d95edbc471ac47ca069c100a2410005c8912009408004820019993b5bf439c8e40ebb276b7e87391cb54a6e3ad45efa9292f5a604d0c4d4a6a4a139454d5a5676baffadfad9ef4f2ae2632ceeab36ef7779369f6cde9f3ca5eb6625f797bc5f797bc8332795f12d25d566ace5a5369bba4acdf83418b5eb4ea49ce727293efb3e6fbcbde2fbcbde06ff61bdde5c0bf8b02dce4cee14782a5cc4545d86bfe627bd45fc5816eb26770a3c152e62032400000000000000000000ab9b34a12a78dc4d392b6662b136fe972d0fced48b467e61f6a9b00a98b93c760e39d56cbab515ae79aaca71f0bb24adaf468efa61f8683231393f114a4e1528d58ca3ae2e12ce5e55def39e5f77abe2aaf253e828f807dfddeaf8aabc94fa07ddeaf8aabc94fa00f807a7ddeaf8aabc94fa07ddeaf8aabc94fa00f307a7ddeaf8aabc94fa07ddeaf8aabc94fa00f307a7ddeaf8aabc94fa09586abfa24b7e6b317ae56407ae064967c9ea51bbf224e4fdd16737818294ed25dae65472de4a2ddfd763a2c660b12a0e9d2a4e6ea2ede774a2a3fa63769b7aaef7ade1356b23e3945c1519252b6724e1a6da9377bdb780d48365d61c678897f743a4758719e225fdd0e920d68365d61c678897f743a4fba5b1dc64a4a3d4ace4ecb3a705fe74f980cad875372ad5159bbd1946cb5b79d1765e68b2df60e93853a707ae10845f954523f1dfb26fb34ab4271c662e2e2a2e338c2517194e71778f6af4a8a7677766da5a2daff0068000000000000000000000043448031eb60e94ff1c213fea8a97ee783c8f85f11479287419e00d73c8984dcf47938f411d63c26e7a3c9c7a0d90035bd62c26e7a3c9c7a0758b09b9e8f271e836400d54b63b827af0f47938f41f1d8d6077350e4a3d06e001a7ec6b03b9a87251e83ea3b1cc12d587a3c9c7a0db00359d61c1ee7a3c947a0758707b9e8f251e836600d6f58b09b9e8f271e825644c26e7a3c9c7a0d880301646c2f88a3c943a0f6a380a3077853a717e18c2317ee324010912000000000000000000000000000000000000000000000000000000000000000000000000001ffd9, 23113, 10001, 2321, 12, 'false'),
(10004, 'phone', 'Iphone8', '256GB', 0xffd8ffe000104a46494600010100000100010000ffdb0084000906070d0f0f100d0f0e0d0f100d0f0d0f0f0d0f0d0f0f0d100d1511181615121313181c2820181a251b151523312125352b2e2e2e171f3338332d3d282f2e2b010a0a0a0e0d0e1b100f1937211e1d2b2d37352d3536312d2d372b362b2b2d37372f37382b2c2b2d2b2f2b2b2d2d2d2b2b2d2d2d3137372f2d382b2d2d2d2c2d2bffc000110800e100e103012200021101031101ffc4001c0001000203010101000000000000000000000108040506030207ffc4004910000201020104091106050403000000000001020311040512213106345461737493b2d113151622334151537181829194a1b3c2d20714324252b123247292c162a2c3f0446364ffc4001a010101010003010000000000000000000000010403050602ffc400281101000201020406020300000000000000000102110304122131713233344151f01372051422ffda000c03010002110311003f00fdc40000000000001898aca985a2f36ae230f49f82a56a707ea6cf0ec87276eec17b551fa80d9035bd90e4eddd82f6aa3f50ec87276eec17b551fa80d9035bd90e4eddd82f6aa3f50ec87276eec17b551fa80d9035bd90e4eddd82f6aa3f50ec87276eec17b551fa80d9035bd90e4eddd82f6aa3f510f64593b7760bdaa8fd406cc1acec87276eec17b551fa8764393b7760bdaa8fd406cc1acec87276eec17b551fa8764393b7760bdaa8fd406cc1acec87276eec17b551fa8f5c3e58c1d579b4f1586a927f9615e9ce5ea4c0ce0000000000000000000000003f2ffb4fd9a56a752593f09374dc147ef15a2ed3ce92baa70977b46b6bbfa3459a7fa815bb641573f17889cdbb4f198972f0a59fa7fc81a99d5d3db49de4efa65a5b26e73b89cc954a8eb4a4a5d56a2b25aa9afc36ded7eef09b7c254a8f0d4a5652a8e2eea52b26b3da8b6ffa6c54cb2ee2e761b15c26499e0ea4b152a7d56f3cf73a99b5210b76ae9abfed7bbd1bc71a9932fac3eae2e7c8b951f57173e45c0fab90e6d77dfad9173e1b03172bbc475375a957af1705db463566a2e2bbe95ec9aded16bf80e7baef8bdd388e5a7d275f4a29c669ea6b4f9ef17ee93388cf8fe85fdcc8323aef8bdd388e5a7d23aef8bdd388e5a7d261bf56f10066f5df17ba711cb4fa4fba796b18bff22abde9cbaa47d52ba35e00fdc7ec8fed1eb4aa47078a9395394a104db6fa9ca4ed1945bd2a37b271d4b5ab24d3fdc8a75b0f9dab54d2d25464f46bfc71575bf66fd65bfc15473a54e6f5ce9c24fcae2981ec00000000000000000000568d906d8c471ac4fef12cb959f641b6311c6b13f281a7ab85a7279d28a6fc3647b2201448200120800482086c049904003230daa5e87391c54b0734da764d369a77ba7df4ced30aff0017a1cf473789ab9f39ced6cf9ce56f05db6588cb9b474e2f9cb5df7596f7ac7dd65bdeb33417861cff00d7a3168e02a4e4a31b36f7cf4964aacbf4ff0071bbc9b4b369ba8f5cee97f4a7a7dffb113671e79e21bb4ff8dd39a45ad9e7f7e1e7b13a3286267195afd46fa1ff00ed816db26770a3c152e622a8e41db92e03fe5816bb26770a3c152e622ba8d6a452f358f696480038c00000000000000002b165aa8e55aacdacd72c456938def66d45dafdf2ce95832bbfe2d4e1aaf3605184080048200120f9b9b1ca5926a61a146755c54b11194d5257cf8415ace5e0bdf56f01afb9f370d900482001938457ce5e1cce7a399a90716e2f5c5b8bf2a763a6c0eb7e5a7cf473b8d7fc5a9c254e733eaad5b6eb2f12526f42d6f42f29064e4d86756a6bfd59dfdbdb7f82cce232d95af15a23e5b6c44545460b54128fa9189232b14f4b316467af47797ae3943d320edc9701ff002c0b55916a396170f36b35cb0f424e374ecdd34ed7ef955b20edc9700be2c0b51905ff002986e2d87f868e4794dcf9d6ef2ce0007000000000000000000563d90452c4574924962710924ac9259b6491670ac9b23db388e3588f940d5800a0010c0fd53276c53054e8c69d4a34eacdc5754a93579395b4e6bfcabc87e7bf68394e94b170c0e12c9d197f1f13294aad595449ff000b3e4db718abe8bdafe43a7cbbb39851c990ad4e4bef75a3d4630d19d4eb28a53a8d7815d35e1ce8ef9f8dd2954751359cea395eeeee4e4fbeee07540f95bfafbf6d572409040032706af9cbc399cf4737560e32945eb8ca516f7d3b1d2e035bf2d3e7a39ec63bd5a8fc352a3ff732c356dbacbc4cfc86af5bc909bf75bfc9806c720f767c1cff00c1353c32ec76fe6d7bc332beb67848c9aeb4b31e48e0acbbcd487d642db92e017c5816b325452c3d04924951a2924ac92505a122a9e43db92e2fff002c0b5b933b851e0a97311cb1d1e4375e75fbcb240056700000000000000000ac7b237fcce238d623e52ce158b649b6711c6b11f281abb8b900a26e2e410d80767e6d4468d7dff0f7c002410009040032709f9bd0e7239a474983fcde87391cda2c356dbdd26764495b110ff567c7d716609e985ab995213fd138cbcc9e925a335986ed2b70de2df130df6263a598d246c31d0b48c19a3256793d2dea8c89b725c5d7c5816b326770a3c152e622a9e45dbb2e2ebe2c0b59933b851e0a97311a6bd1e2f79e7dfbcb240056600000000000000000ac3b257fcce238d623e52cf158364db6b11c6b11f281abb8b9f22e512d9045c0120800482001208006560ff37a1ce473963a2c17e6f439c8e6e9e2e9cb43bc1eff006d1f5a2c4e1a76d6ac673387d107aca9e8bab34f534ee9f9cf3656c9874f87a9d570f4e7df4b325fd51d1fb59f9cc69a3c763b88eda541eaa9db43844b579d7ec8cdaf4eccc568e1b4c3d2ed353f2e8c4fbc31723edd97175f1605abc99dc28f054b988aab9276ecf8baf8b02d564cee14782a5cc468af4878fdefa8bf7964800fa6500000000000000000abfb26db588e3588f94b4055ed93edac471ac47ca06a88b900a241000904002410009040032b05f9bd0e7238a3b4c17e6f439c8e2c0f6c3e22507a1e87ae2ff0bf29b18ca338e7c7cebbf17e03507b61abb84afad3d128f8511a3475b8794f467c64e2d493b38b4d35ad35a99d553aaabd2555593d538afcb35afcddff0039cc4d2694a2eea5a5332f2363ba8d4b4bb9d4b467bde0979bf6b9f1ad4e2ae63ac3bad96e3f0ea627c33f72cfc96bf9e9f175f1605a8c99dc28f054b988ab986866e519affe78fc48168f26770a3c152e622d3c30ea37fea753f6964800fa6400000000000000000abbb28db588e3588f94b4455cd946dac471ac47ca06a4100a241000904002410009040032f03f9bd0e7238b3b3c0eb97a1ce47180000419582c4e6f6b2fc12ff6bf099b5216ff00ba2c6a0cbc263335664eee3defd51f26f6f16270d5a1ad11fe6cdfec76aca78a79cef9b86504fbf9aaac2c5b0c99dc28f054b988a9bb197178a938b4d3a1ad70b02d964cee14782a5cc4470eace6f32c9000718000000000000000055bd94edac471ac47ca5a42adeca76d6238d623e5035008051208004822e0090400241000cbc06b97a1ce471a76380d72f439c8e380000800003a1d86f779702fe2c0b73933b851e0a9731151b61bdde5c0bf8b02dce4cee14782a5cc406480000000000000000000156b655b6f11c6b11f29694ab3b2adb788e3588f940d402014482001e2a92b7e2d3a74ea2731febf7bd77bdcfb7e47ee0bc9fb0134d34acddf7cfa2001208006664fd72f439c8e38ec327eb7e87391c780065e07013aca798e37824f35df3a57bea496f6b7a168b9f71c918a76fe14b4dac9b8a6ef1ced09bf069f3320c106c2191b12ddb32da24d3ce52ba4afa146edeb4aebbed18989c3ce94b3271719593b687a1f7ee80de6c37bbcb817f1605b9c99dc28f054b988a8db0deef2e05fc5816e726770a3c152e62032400000000000000000000ab3b2bdb788e3588f94b4c558d95edbc471ac47ca069c100a2410005c8912009408004820019993b5bf439c8e40ebb276b7e87391cb54a6e3ad45efa9292f5a604d0c4d4a6a4a139454d5a5676baffadfad9ef4f2ae2632ceeab36ef7779369f6cde9f3ca5eb6625f797bc5f797bc8332795f12d25d566ace5a5369bba4acdf83418b5eb4ea49ce727293efb3e6fbcbde2fbcbde06ff61bdde5c0bf8b02dce4cee14782a5cc4545d86bfe627bd45fc5816eb26770a3c152e62032400000000000000000000ab9b34a12a78dc4d392b6662b136fe972d0fced48b467e61f6a9b00a98b93c760e39d56cbab515ae79aaca71f0bb24adaf468efa61f8683231393f114a4e1528d58ca3ae2e12ce5e55def39e5f77abe2aaf253e828f807dfddeaf8aabc94fa07ddeaf8aabc94fa00f807a7ddeaf8aabc94fa07ddeaf8aabc94fa00f307a7ddeaf8aabc94fa07ddeaf8aabc94fa00f307a7ddeaf8aabc94fa09586abfa24b7e6b317ae56407ae064967c9ea51bbf224e4fdd16737818294ed25dae65472de4a2ddfd763a2c660b12a0e9d2a4e6ea2ede774a2a3fa63769b7aaef7ade1356b23e3945c1519252b6724e1a6da9377bdb780d48365d61c678897f743a4758719e225fdd0e920d68365d61c678897f743a4fba5b1dc64a4a3d4ace4ecb3a705fe74f980cad875372ad5159bbd1946cb5b79d1765e68b2df60e93853a707ae10845f954523f1dfb26fb34ab4271c662e2e2a2e338c2517194e71778f6af4a8a7677766da5a2daff0068000000000000000000000043448031eb60e94ff1c213fea8a97ee783c8f85f11479287419e00d73c8984dcf47938f411d63c26e7a3c9c7a0d90035bd62c26e7a3c9c7a0758b09b9e8f271e836400d54b63b827af0f47938f41f1d8d6077350e4a3d06e001a7ec6b03b9a87251e83ea3b1cc12d587a3c9c7a0db00359d61c1ee7a3c947a0758707b9e8f251e836600d6f58b09b9e8f271e825644c26e7a3c9c7a0d880301646c2f88a3c943a0f6a380a3077853a717e18c2317ee324010912000000000000000000000000000000000000000000000000000000000000000000000000001ffd9, 7120, 10001, 31231, 12, 'false'),
(10005, 'phone', 'Iphone9', '128GB', 0xffd8ffe000104a46494600010100000100010000ffdb0084000a070812111111120f110f0f0f0f11110f0f110f11120f100f0f18141a19181418181c212e251c1e2b1f18182638262b2f313536351a243b403b343f2e343631010c0c0c100f101f12121f312b212b353831343434313a36343d3d3435333435313f31343631343431343f36363431343434343434343f38343131353431313431ffc000110800e100e103012200021101031101ffc4001c0000010501010100000000000000000000000104050607030208ffc40052100001030200050b100805010803000000010002030411050612213107134151525361717292b4141622323435425473748191a1b2d1d21562939495b3c1e11723a2b1d3a42436638284a3c2f0253344ffc4001a010100030101010000000000000000000000020405010306ffc4002b11010002020005030206030000000000000001020311041221518113313205221423416171913342c1ffda000c03010002110311003f00d6922548805193e1fa38dc58ea88dcf6f6cc8c999ed3b45ac0485115464c2351240d73a3a0a67eb7296920d54a034bda48f01b941a5b7ec9d940821a41eb84aab06e0d6c71cef8e373ecd8a2c92e36bdae18d1d8b786c0040f7ae6a4dd4fe8a4ab3ff823ae6a4dd547dd2b3fc696826a59890c8d994348c9ce38c6c27fd4316f71f34208feb9a937551f74acff001a3ae5a4dd547dd2afe4521d4316f71f3423a862dee3e68411fd73526eaa3ee959fe3475cd49baa8fba567f8d3fea18b7b8f9a11d4316f71f342061d73526eaa3ee959fe3475cb49baa8fba55fc89ff50c5bdc7cd08ea18b7b8f9a1030eb9a93753fdceafe45d21c60a47b9ac1306bde7258d959242e73b6807b45ca72fa3880ff00eb67342c9b545c34fb48d85dd4f4ac7ba1018d21d57232d965ce1a18d739acb78472f725069d2e32d1b5ce609db2bd999eca764952f69e111b5d65e3ae5a7deebbf0facf917ccaec27396e46bd288c68635ee6b071341b2e1d50fddbf9c507d43d72c1bdd77e1f59f223ae5837baefc3eb3e45f2eebefdd3b9c51afbf74ee7141f5175cb06f75df87d67c88eb960deebbf0facf917cbbafbf74ee714bafbf76fbec764507d43d72c1bdd77e1f59f223ae5837baefc3eb3e45f2eebefdd3b9c51afbf74ee7141f5175cb06f75df87d67c88eb960deebbf0facf917cbbafbf74ee7146befdd3b9c507d47d73d18b6b92be9c12003530cd4cd24e8177b4052d1c8d7b4398e6bd8eced73087348e0217c9d0e12a88fb49e6603a436478046d117b10aeda9ee314f4ee7bd9217c4cbbea29add8c9134173dec1a1af6b039f9b4863b685c37d42f1148d7b5af61ca63da1cd2365a45c15ed00842100826d9ce603392740084845ee0e7041041d9082b78824f51b4bc10f74b3bdf942c729f5950f048e10e69e2216378e72c8fc255c6727284ce6589cfad340c86b76aecb11b1772d8f108e5d0b4bae4b8ca1c4e936a99da2e789a07a02638d38910d6bf5d7eb91cd600cd064dded1a03da410eb6c1d3e8cc829d88785e492ba8d8dca25d94d906dc6187289f486fad6bac7c9ae96eb6cd603039b26b977993288c8c8b68c9b1cabaace29628c383cb9f1873e67b721d34c5a5e19b2d60680180e6e1cc2f7b056c68b20690655dae2f90bc9fe635dda0cd7200d0db706d0bdd3d4217223404210ba0421220638466c968b9b0b8b9398017d2b05c7b79d6e99b7f032dcdda91f3d43dd71b04e5dfd216e586de1acca70ca6b7b22336703390b10c788ae291b7cef8d81ced24bb5d99b73b7980f52ec46e75028d6459493b05dbc3fe9fdd79fa37eb7f4feeac7e172f679fab4ee8f5d35d393939ad7be8ce9dfd1df5bfa7f747d1ff005bfa7f75cfc2e5ec7ab5ee621174f0d01dd7b3f749d45c3ecfdd4670648fd1df52bdcd728af29d7527d6f623a93eb7b173d1bf6779ebdcd509d752f0fb1275370fb13d1bf639ea6cad7a9e4d915b1dc86b4b98d71360325cf0c75eff0055ee1e955cea6e1f62b2620c4061085aeb381920b823311afb3310a36a5ab1b98762d13ecde312dce3836872af94da68d8e0ecce0e68c9208d8208b29b50588ce270650b9c4973a998e7139cb9c45c9276492a7941d2212a102210b954ce2363e47025b1b1cf205ae4345ff4415dd4f7b819ca9ba5542b3aacea7e2d42ce074c3fd5542b3204b25421008421008421009108411386e3cb6641240790c246900e6bfb56278e26e680edc719ff00bd32db30dcc18ccb39c30871e1b158ae37b6cea069d219183c626994f1fce3f9872ded28b7b1707313c785c5c17d2cd6197126e5abcd97572f2579cd6128973b24217b29179cd5ddb9162f2e62ee90af39a427169362d5e485dded5c885e56ae938973b29fc44ef943e520fcf628353b88bdf283ca41f9ec5573c7daf6c7eedc3113bd583fcd62f754faad6a7b307e0ba30058c70c71bb84eb6c7dfd4f0acaa93d8210840898e1bee4a9f212fb853e4db0840648668da407491bd8d2740739a40bfad041e20f7137973f4ba8565559c4037a161db7cc7fd5d42b32010848804a9108150912205421082bf8d4efe4bf8bf5592e36c65d3d0346976b6d1c66a265aee30c25ecc806c5e43413a012564b87dd955382ce8ca301b6d5ea6652acead128dbe3265534e5a4822c4662368a64f6abae15a21234b80ecda39c36954a7658afa4c196b969b8f7fd59513bea62e0b9109cbc2e2e0a7354a25cc848ba2f24284d52dbc22cbd5925979cd5ddbcd972735765e246af2bd7a255970214e622f7ca1f2907e7b14210a6f11fbe3072e0fcf62a3c4c7dab38be4d8f535ef6c3c98ba342ad8ab1a9d425983294923f9914520b6c0d698cb1e65fd2acea83dc21084088421056753eee0672a5e9550accab3a9f77033952f4aa8565402122102a4ba12205ba2e92e8ba054148841078caf2c89ce69b39a2e0ed1baca30f33fdab05b4680e840e2ea9996a58d67f92fe2fd566186c5eb7050ff89074a9911b7c65687b2caa18669f224781a09ca1c473abe4f12aa632c36731db6d23d47f75a9f4ec9f99cbde18f1d2555785c9c1397b571705b56aa712e364965ec84965e73093cd9210bd5916509abbb7921216e65ec8496509abbb357053388fdf2839707e7b144c8db1f6a97c48ef941cb83f3d8b338b8d57cad619eadbb113bd583fcd62f754fa80c44ef5e0ff00358bdd53eb3964210840244a91056353dee0672a6e9550accab3a9ef703395374aa85664088414850050848502a2e9236171b7af8020e9206717b5d02a0a021043e1960764870bb5ce68236c139d651547fdbb02795a4e932ad730af81cb67bc164553ddb813ca5274995069f84286d77b0763b2373fb2a6e34c1d830fd670f60f82d2555b1bf06de26ba317b3ee5bb3da9d1f056783b72e7aca8e7c1afba19648c4ddcd52b3c3625337c6beab5b5389322d5e484e5ec5c8b179daa9c4b959259742d4965e7351e2c917bb24b28cc3bb7295b71c5fd948e248ff00e4a0e5c1f9ec4caca43139b6c2705b7707e7b56771f5d537fbad70f6eba6d7887deac1fe6b17baa7d40621f7ab07f9ac5eea9f58eb810842012254882b1a9ef703395374aa8566559d4f7b819ca9ba5542b320429129488029ad5cc5b60dcc5db3a6c13a298d7b33b5db19dbfaa07983cb5ececae5cd392ece45c6917b7fee65daa1ad16c9163c1a2ca32824c9791b0f163c63383fdfd6a464cf9fd083c04a90254119857c0e5b3de0b22a9eeec09e528fa4cab5dc2be072d9ef059154f77604f2947d26541b3261865978b92e07d1623f509fae753165b1cddb19b8f485e98edcb789432c735263f667d84307b24b9b64bf743678c6caaf5560e732f9ae36c670aeb550904dc28d998be8b0e598862ef4a6be25c1f1ab354d2b5da458ed8cca327a3234671ed572b6894a250ce62e6e6a909234d9ec49aed2893621259747357921794d52dbc10a43147be7072a0fcf6a62427f8a5df383954ff9ed59df508fc9f30b1c37cdb4621f7ab07f9ac5fd94fa80c43ef5e0ff00358bdd53eb0d7c210840244a91056353dee0672a6e9550accab3a9ef703395374aa85662810a1084085787b03810741f670af6840d5948067ca75c67073664e52a1008421046615f0394cf7964553ddd813ca51f49956bb853c0e5b3de591d4f77604f2b47d26541b284a808ba08ec2543ae02e60ecb646eb878d566a21b2bba87c2d4433c8d198f6c368edabdc2f11313cb6f0a3c4e0ff6af953e78d31918a6e78947cd1adaa5d9e88a8a70ed1a7fba8c962b29d7b1369a10ee3566b64a2504f62e2e6a929a021367b14e62252d9a64a798a5df483954ff009ed5c9d1aef8ac2d8560e383f3dab33ea75d61f30b5c37cfc366c44ef560ff00358bdd53ea03113bd783fcd62f754faf9e6804210804895214158d4f7b819ca9ba5542b32acea7ddc0ce54dd2aa159902212a440884a840884210082108210476141999cb6ff0070b22a8eeec09e5297a4cab5dc27a19cb6fbcb22a9eeec09e5293a4ca8365084210091c2e2c45c1cc46d84a8415ac2b4390736769ce3e0a1268d5eaa611230b4ece8e02aa7571589b8ce331e35adc2669b46a7de195c4e1e4b6e3da5033469ab8295998983d8b569657367b01cc45d349293729fb9abc90bd62ceed10fa7234821262f36d85a9ffe9fa4354ba63833bf14fc54ff009e151fa9db787cc2d7093f7f86b1889deac1fe6b17baa7d4062277ab07f9ac5eea9f5f3ad2084210090a5485056353eee0672a6e9550accab3a9f7703395374aa8566402108408842102212a1022108411b84fc0e5b7de0b23aaeeec09e5693a4cab5cc27e072dbef0591d5777604f2b49d26541b284202100842e534ec676ef6b39440f623933111b97551186292fd981a733b8f60ae92e1a85bdae5bf92db0f6d935970e070235bbb48b764ffd97a62c934b6e14f3e6c36acc4cff00d41cf1a632c69dd4d7d9d67b336c16baf71c4579696bc5d86e367608e30b73166ada3a4b322f599d44a31d1ae663524f8972744ad56e9a3cb147e0e16c314fc54fd2029c31286a56db0d53f269fa4054bea16de1f30b3c1ff93c353c44ef5e0ff358bdd53ea03113bd783fcd62f754fac26a04210804895220ac6a7ddc0ce54dd2aa159556753eee0672a6e9550acc8042108042442010842010508411d84fc0e5b7fb859154f77604f2b4bd2655ae613f0396df782c6b0d66a8c136cc6f4fa3ce255dac6e74e5a75132d7aaf0bc31920bb2de34b59d958f09d0143d5e356476ac683b196e2e3ea16b7ad56ab6ac33b16f6db3f57f750efa8b937372b46386a474d6e58f938ccb6f8f4592ab1aaa5f70d7b631f51a01f59b9518ec2521372fb93a490092a24cc935d528e1ebd956d392dd6d3329a66133e10078b314fe1aa6bfb53e8d90aae245da3988208362a17e1e27d90d4c2ccf01e2c7d1b60a64e89f1bb29bebd208da29292ac3c67cce1a46da7f1bd578b5b14b96aefac3b41691b94de270d969da43a9f8174a27318f0e2dbb4e6786dc5c7c558c60e89e039a5d92e170411623d4acd38daebaed6f0639cb1d35b8550c1c0ab9936c394c3ea537485a63b043361ce1c601540c2d4fade1fa66837fe5529bdadffe92a1c47135c94e58eebdc3e1b52fbb4745ff00113bd583fcd62f754fa80c44ef560ff358bdd53ca82f1509108152254882afa9f7703395374ba8566559d4ff00b823e54dd2aa1595008421008421008421008424411b84fc0e5b3de0b17c6293264c18e1a5a2123d13ccb69c27e072dbfdc2c471b0d8e0fe08e3fce994e9f28fe51b7c64e27a924937b939ca6ce95357cabc65afa2ae2d31e31e8ef5c5e8489a35eba35cbb3426a74d7aeac7a66d2bab5cbcad579daa7f14841041b10a6e8ea83f4e676c8dbe155b63d398a420823310aae5c5168794c696c8dea6f03610c83adbcf607b527c076d711550a3ad06c1d99db7b054ac6f59792935976992d8ed1685ed66b8c3fef152f90a4e9255b305614c9b4721ec7435c7c1e03c0aa78c3fef152f90a4e92541b9873572d771fd2f1889deac1fe6b17baa7940e2277ab07f9ac5eea9e47b042108157971b0240b9009006939b42f484158c44686d135ad707b5ae92cf6f6aebcf338db88b8b4f0b4ab1aade218c9a47467b7866aa8de36439b5739f75ec3ff0030564402122102a122100845d0804212208dc2aeb006c5d670200d2eb1d03856198f6e21b4a05c6b7131ad78cc1fd9caeca69dab9b71b4adcf0abac01da703ea2b0ec798c9869ddb8d720768be5c75350d77b1d19e278414fea97eedfce293aa64ddbf9c571429f3dbbcff006e6a3b3b754c9bb7f38a5eab937c939cef8ae284f52fde4d476396554a4801f2124d800e75c9f5aecf9246e635163b9123dc7d62edf6a64d06c48d8d3c45785ce7b779351d8edd5730d324a364766ed1b633a4fa426dfa5fb477c578cb263c922ed6b810eb76a483717e1b5edc0b82735bb9cb1d8efe919f7e9bed1ff15d0618aa1a2a6a0714b27c5304ab9333272c76487d3757e3555f6f27c54ee25574b261085f2ba5a87b5d086e538c8fc913308682e3a339cdc2aa2ad7a9f10dac123886b216995ee3a1ad8dae949f546570d447b4378c4a606e0da3687078640d607b7b578692039bc06d71c6a714362740e8f06d0b1e2ce6d2c41c368e485328e8421080424b2f25a76c84153c2b14983aa9f590b1d2525410eab630173a19035add70340b9616b45eda0b41b1cea52871869a6607b24639a76410e6f3866528f85e7448e1ff002b4aaf57e24d2cef323dac6c874c91b191bcf1b9a104bfd290ef8ce7047d290ef8ce7055b3a9dd3eff005438a5724fe1dd3f8c55fda94164fa521df19ce08fa521df19ce0ab9fc3aa7f19acfb5281a9d53f8cd67da20b1fd290ef8ce7047d290ef8ce7055efe1e53f8c55fda15e4ea754fe3359e891058fe94877c673823e93877c67382ae7f0e69fc66b7ed11fc39a7f19adfb4412d846ba17b080f67382cab1bb071975c7c167b1dd9cd1b4073d8f0d0dd75a0672d21adcab6cb1a76ad7f3a9cd3f8cd6fda0f82f31ea6f48d7b5e269cbda439ae7361796b867041730d8a0c1dd81ea2d94d864918743e269919eb6dedc473a6e6866dea51c71b87e8be899310e9def323a5975c7697b19042f3e9631a52f58b178dd7fa2a241faa0f9d7a8a5dea4e6391d452ef52f31df05f45f58d178d57fde1ff0014758d178d57fde64f9907ceeca599b7b4526705a6f1b8dc1f42e90d09b8cb8ea00bf641b1651b701242fa10e2345e355e38454c99bdabcf5891f8e610fbc39060d841d23dac8a2a6921822b96b2ce7b9cf70195248fb0ca71b01a00000000cf78fea1977a9798ef82fa2db88d16cd5579e3a993f4297ac787c66bbef32fcc83e73ea1977a9798ef823a865dea5e63be0be8ceb221f18adfbd4df323ac887c62b7ef337cc83e7a8b0454b85c53cd923397b98e6b1a36cb8d80f49575d4f71566aa796f694b94d35328199ec0e0ed698ed9b968bdb616a2dc45a4b873f2e52d371afb8cf63b7d992a7a9e8b21a1ad7b835b9835a18d681c00040edad0000058000003600d012ae6d611e113c765e80e141e9092e841d59a12a10804210804210804210814a4284201084201084201084201084201084201084201084200a1084021da0a10839210841fffd9, 72310, 10001, 312, 12, 'false'),
(10006, 'phone', 'Iphone10', '256GB', 0xffd8ffe000104a46494600010100000100010000ffdb0084000a07081212141212121210111112121211110f11121211120f1118141a19181418191c212e251c1e2b1f1818273a262c2f313535351a243d4048343f30343631010c0c0c100f101c12121e352125213a343f31343135373d343434343134313434343437343433363134373434343434313434313434343431353f313134343431ffc000110800e100e103012200021101031101ffc4001b00010002030101000000000000000000000003050104060207ffc4004d100001030202030a0a050809050000000001000203041112210506311432335153617173b2b31322344172819293b1d115255491c424354263a1a2b4d216234352627482c2d3071755c1e1ffc4001b01010002030101000000000000000000000001030204050607ffc4002e1101000202010204040407000000000000000102031104213105122271133251c11433619106233441435281ffda000c03010002110311003f00fb322220222202222022220222202222022220222202222022220222202222022220222202222022220c28df235a2e4b5a06d24d80f5aa9d2754f24b237b616b1a5f3d53c02d823199001c8bc80733934024df2078a935ce89ae3828df50366e89cb5af9adfa59826c76e787a06c513688eebb0f1f2e7998c7599d7d1f46ddd0f2b17bc6fcd677743cac5edb7e6be7d43ad94f2be366e06343e48e3c5e11a70e2786e2b61ced7bdb995e687d274157355d3c54e71d13c472b9f13431cec4e69c04124d8b5db40bf9ae91313d8cdc7cb8662b92ba9974bbba1e562f78cf9a6ee87958bdb6fcd715ac9ac3494aeaa823a60fa9a7a4dd831c78607331b5b871def7f1b8ad7caf7c97cfbfeea9ff00c6517b6e52a5f76ddd0f2b17b6df9a6ee87958bde33e6be7da275ba8dd4b433d4d2358faea8929d8c823f08c8cb64c189c5c4659b721726e6c0d8abbd65d234541b9fc252ba4dd330a767828c3b0b8db337238f203339f120e9b7743cac5ef1bf35247335c2ed735c38da4387ec5f3bd60d6da4a5a8969b70b6531600e78735a09731aeb0184ec0e03ef5a906be513881268f2c6ecf091963dede702cd396dc8df2cae55d1c6cb35f345674ae735227532faa22e7747e902c74579b745254db72d41b628de45c44f3962045f0bac0dc16bae6c5744a958222a5afaa99eff00014d85afb07cb50f6e3653477cacdbf8d23ac70b76000b9de66b82e091c616318e31f785455745430b43aadd13dd98f0d56e63e476cbd8bb60c864d00732929f465048d0f6434d230e41f1863db71b45c20b9c638c7de1318e31f78557f42d1fd9e1f6027d0b47f6787d8089d2d318e31f784c638c7de155fd0b47f6787d808342d1fd9e1f6021a5a631c63ef098c718fbc2abfa168fecf0fb013e85a4fb343ec0434b40e0761057a550343d28376c31b1d9d9ec1e0e46fa2f6d9c360d8578a6a896191b0ccef091c97f0152406b9af02e61940c8b88b96bc001d62080402f21768888088880a394d9a7a148a398f8a50719adcffab2a1cd2417cad0ef3120d4b5a41e6c200e85f2c017d2f58d8d1a265c39874f8ef88b812eacc448249c8924f1716565f37015734f359ec3f87a22305a7f5fb248a4c3c7ea363ea5d0c1ad157e6aa78bdae7c153926c2d725cc249b01993e65ce00bd2daa618975391c4c39fe7ac4e9d69d63aeb65592f1f054bff001ad29f5b349346556ff5c34dff001aaaa4988384ec3fb12a9ab730e0a79b568dbc6f8d70ff000fd71f4896c49ae9a48daf557b1b8bc14c6cef311e26dcca824d7bd283655db9fc0537f22a8906de95a532e87e170ffac3ca573e49ef32ccd3b9ee73dee739ef7173dce37739c4dc9257a695ad8948c72d888888d422d1beafaa6a73cbb44480fe84ef0cff00092f63ae388e2738fad7d16278706b86c700e1d045d7cd353d81fa22a1aebd9d3bda6c5cd3626306c4104748375f47a3e0e3f41bd90bcdf223596def2eb62f923d92c8723d0abf4266c7b8e6e74d2e275ad8b0bcb59f731ad1ea5612ef4f42a9d5c883627dafe354543cdcb8f8ce95c4ed390e6190f32a56385d69d6096869e9eb636446a2b65707d5ced3232963172c85a0663c5e2db81e7690ae3572b9d347a3eb8c429e4ad73e0a98580b592d9b23993069e3f05704dfc5908b919adda2a92ca3a360115e56100ce0be3f1439e5b8458b9d6048171935c7634a9e7aaf0bf46bf086e2ad7b6c0dda7053d4b3134f9da70dc7310a37fd92bc459584488888088880b434f1b40f70df34b1d19cfc5931b435d97112b7d55eb444d7d24cc75cb5c236900b9a6c6565ec5a411ea52895e31d7008d8731d0bda8a075dad2083768371e7c94a8811110143522ed3eaf8a9943506cd28388d621f54bb2c3fd633c5cbc5fca5b965b2db2dccbe6c02fa56b03f1e882eb5b1c91bb0def87154b4dafe7dabe6eaec54df57affe1ffe9edeff0068642ca22dbad74ef3dc5b42dba81903ccb560daac676dd8ada5b56870fc6f145f8f3fa7573f38ccad1982b3a919aaf9c2e9c767cc23a5e61a775ed854657b6ac97cf67d5751ff00344ffe65dda8d7d168b838fd067642f9d6a3fe699ffcc9ed44be8b47c1c7e833b2179ae4fe6dbde5d3c5f2425977a7a1576aff0004eebe7ef1cac26de9e855dabfc13fae9fbc72a5638ad3ba7df43a2691cd86098ca5909dd2d73e9e3b6375ded199376d80cb3e8565a36b37445a2aa4b248dd5557e1cc323cbc456a39dbfd583bd8ecd0e005b275fce55abb46cd139fb95d03a091ce7be92a5afc0c91c6ee31bdb7c20baee2d2d22e4916b9525268f90ca2a2a646492b5ae6451c6d7321818eb622dc449739d600b8f9858019a0b5584450c8444404444190abf587c9a4e98bbd62df55fac02f4f27398bbe629844ac74765146082088d97691623c519596d2d4d1d3192289e45b1c6c7e106f871341b5fcfb76adb44088880a1aade95328aa0d9a5070da6c7d4c3a61fe21abe7617d174f381d105c06105f1b8346c68350d21a3a367a97ce415b9c78f4edebbc027f916f7fb328b0815d36d3bed8a519ab29078ab4e99bb1584edf17d4aba5b7771fc52d1f0ace7aac66b4271b559560cd684817671f587cbb346b24abded5ea26af6e629e08d5899b747d335247d5537f993da8977da305a1847eaa3ec85c3ea9465ba32507ed17fdf8d773a378187aa8fb2179ae47e6dbddd6c33bc71ec9a7de9f52a7d53ca958389cf1c677c55c4fb1546a9f92b3d293b4552b56456164ac28642c3ded682e73835a05cb9c435ad1c649d8b2a9b582421d0b6f95a47dbfc6d2c0d77a839ded294366b6b861023918093673cb99e28e8779cf9b23903ccb6a96763c1c12324c0435e5ae04b5f841b3c0debac41b1cf35c36b069d6d1d3c93bace736cc8987fb495d7c2de8c893ccd3ccbcff00d1ea68dd4935597f84aaa9a893753c9bb839a6ed691e6be22fff005f30b260dbe82888a12c855fa7fc9e4f4a2ef98ac1576b0793c9d3177cd5286ee86f27a7ea22ec05bcb5346b9ae862735a18d7471b9ac1b180b059a3980c96da204444050556f54ea39b7a50707a70fd4bee7f886af9db1a57d374ec43e8b91a00004ad00016000aa1601705e0acb730de2b8ffebd2782e58a639afead2c0548c62d9f06b385577c9b7a3f89b87ba619856552cf17d4b4e8997700aee6a7b858e1bfadc1f17c9aa69c8d646735a063e65d5cb42789694ba3b9976b1e68d69f3de4e3b79a6d0e74c2ac34651e270e25b66815de85a1cc64b3c9962b599514adad688974da3e2c1a3e51fac07f7d8ba9d1a0886206d711b01b5ed7c2365d5255330d14a39da7f7daafa8b838fab67642f3d927769977691e5ac4249878a5546abb0b69c34db135f2b4d8dc5c3c836e6bab8977a7a156eaff0004eeba7ef1cb166db72c2cb961432168699a232b060dfb09730640385bc66927217cbd602df4443e21ae3abfa5aba4262a39f72d3626303cc6c748ff00d391ac73838dec00b039347195d3ff00d23d54a8a36cd53521f13e76b63653389690c6bae5ef66cc57c9b7cc0c5fde5f48453b34222284b2157e9ff2793a62ef9ab7d686b09fc9a43cf177ac5286ee86f27a7ea22ec05baa0a5606b18d6801ad6b5ad005800000000a744088880a39b7a548a39b7a50725a607d5afeb47f14171185773a57f36bfad1fc505c6d95916d51d2f0fbcd6da6ab98bc615b65aa07356a5afd5ea715f756e6858b148d1cc4aeac5264a9b54a0c4f73bfbac03da3ff00c5d9b210a71dfaede7fc56fe7cbe5fa291f43ccb42a28799754f842d29a01c4b7b165979ecf8a261cb3a8f995c68aa5b676533a9c712dda48c00b62f93756a63c5ab25d2a3f2597fd1db62b7a2e0e3ead9d90aa74b792cdd2dedb15b517071f56cec85a13ddd08ec965de9e855babdc13bae9fbc72b2976155babdc13bae9fbc7284b6ddb56165db561432111101111011110157eb0f9349d3177ac560abf587c9a4e98bbd62944ade1deb7d16fc148a3877adf45bf0522204444051cdbd3d0a451cdbd28394d29f9b64eb7f1417221abafd243eae7f5bf890b956b3994cfe5b6f893ab202d5139ab70b144f62e6deda97a7c17f4ba0d4d678b21f39706fa836ff00fb5d5b5733aa42cc7f59fed0ba66856e29dc381cd9de7b32e0b5e46ad8715aef2b7292e7e4aedaee62963165e4a5d5f36e8d68aea58d2be4b2f4b3b6c56f45c1c7d5b3b21546943f92cbd2cedb15c517071f56cec854cf75c925de9e855babfc13bae9fbc72b2977a7a156eaff0004eeba7ef1ca06dbb6ac2cbb6ac28642222022220222202afd61f2693a62ef58ac157eb0f9349d3177ac52895bc5bd6fa23e0a451c5bd6fa23e0a444088880a39b7a7a148a39b7a7a1072da43f373fadfc52e7a38d7475c3eaf7f5bf89553045759ff8d760b6acd4742a27c4ae1b02f2696fe65c9cb5eaee61cf110dad5a8ecc773b8fc02e81a16a68ca6c0d03d6ac005b18abaac3979ef16bcca1705acf2b665d8b49ef57d6752afcbe6861ce5e312f2e72f05eae8b6d45eba4da40fe49374b7b6c57545c1c7d5b3b215256baf4737a4dedb15dd17071f56cec8513dd5c764b2ef4f42add5fe09dd74fde39594bb0aadd5fe09fd74fde39425b6edab0b2edab0a190888808888088880abf587c9a4e98bbd62b055fac3e4d274c5deb14a256f16f5be88f8291470ef5be8b7e0a444088880a39b7a7a148a39b7a7a10733563f20775bf895ab491ec5b953e42eebbf12bcd047b159af422b6d593c54eb662a5cf62da822c96c358b5669133d5b3f16621e636d82394ca07959eb4ae2772825392ab7bf35bb52fb02aa24936aa6d6d4b770d375948e7af0e7a89d2285cf56e3b6e54e7a6a16739bd14de98edb15fd17071f56cec85ce075e8663fac1da62e8e8b838fab67642b67bb4e3b25976155babdc13bae9fbc72b2976155babdc13bae9fbc7284b6ddb56165db561432111101111011110157eb0f9349d3177ac560abf587c9a4e98bbd62944ade2deb7d11f05228e1deb7d16fc148881111014736f4f42914736f4a0e726f223d77e254b40dc82f127911eb7f12b6283ccadafcaae7e65b46dc97b2bc30e4b25552b60256bcae5338ad1a992cabbdb50b695dcabebe6daaa1d2af5a4aa36aacf0cb46d7f53b7830ea8de74aa1748b54cca374ab678fd6d0d4e5d355974b03af4337583b6c5d3d17071f56cec85c9d03afa3e63facff007b175947c1c7e833b216ddbbcb911d92cbbd3d0ab757f82775d3f78e5652ef4f42add5fe09dd74fde396296dbb6ac2cbb6ac28642222022220222202afd62f2693a62ef58ac157eb0f9349d3177ac52895bc3bd6fa2df82914716f5be88f8291102222028e6de9e8522f120b823990734d91aea225a6e04ef65ec478cdaa2d70cf88823d4b6a84ec599a12699ec6dc96c8491b4d84b88fec375e287ccacacfa74c75eadae6345e587247395332b221e247aa6d213d8156150f5ce6949f6ad5cd76ff0017179aca6afa8b92b44cea1ad9f32b484eb4b7d5e9b1e0f42c4cbceb0645a3e1967c2adfe3da225cfe5716d68d443b3d1d2b5ba36a1ee366b642e73b3366831926c33d8bb5a3e0e3f419d90b8cd0cd2dd1af73b2f08fc6c1e7702f6865ba70dc7485db44cc2d6b46c680d1d00596ddbacede6af1e5b4d7e8ccbbd3d0aa756e56be29309be1a9a961c88b39b3383867ce0ab6905c11ccabb4264c7b4e4e6cf38736f7c3779737ef6969ff0052862da72c2f4e19af2a190888808888088880ab35a256b29267bce16b7c1b9ceb136025667619ab35a1a7fc9e4037c700637cef7e3696b473922ca512b6877adf45bf0522f0c6d801e60001ea5ed102222022220af9637b1d8d8318393e3b804f13da4e5886cb1b5c5b3cb387c3d334df1b587ced75da6fe89cd5b28e48dae16735ae07221c0104741415e348c1cac7ed21d2101fed63f6d6dee087928bddb3e49b821e4a2f76cf928d276ae92a299db6667a9e157d451d149bea8fba468f885d06e087928bddb3e4b3b8e2e4e3f61bf258ce3acf78675cd7afcb3a71b2eace8e7eda993d52b3f9545fd11d1bf6997deb3f9576db861e4a2f61bf24dc10f2317b0cf928f874fa42f8e77263b5e7f7713fd12d1df6997deb3f954f4baafa35ae04cae96d9e07ca0b0f4b5a0621cc6e175fb861e4a2f619f25ee2818ddeb18df3d9a03733b762ca2958ed08b7379168d4de7f7568a47cb231cf698e9e121f145b1d2c80583de3f45ad1bd6edb9b9b58057288b26a8a9abe096279a8a76785b86b67a6c418666b763d84f8a2400919d83858122c08b944150cd354eef14cac8e400174329114ac06f6c4c7588d873d86d95d49f4843cb43ef19f35bd244d78b39ad70e2700e1fb543f4741c8c3eed9f244a0ddf0f2d0fbc67cd377c1cb43ef19f353fd1d07230fbb67c93e8e839187ddb3e486dafbbe0e5a1f78cf9a6ef879687de33e6b67e8e839187ddb3e4b1f4741c8c3eed9f2436d7ddd0f2d0fbc67cd37743cb43ef19f35b1f4741c8c3eed9f24fa3a0e461f76cf921b69cda5e99960e9e1c4e36631af6b9f21b1385ad06ee3607203ccb529229aa6564f3c6e829e225d4d4ae3fd6bdf623c3cc01b36c0f8accc8b9273b06de454ec66f58c6fa2d0df829510ca222022220222202222022220222202222022220222202222022220222202222022220222202222022220222202222022220222202222022220222202222022220222202222022220222202222022220fffd9, 7123, 10001, 62310, 12, 'false');
INSERT INTO `item` (`ItemID`, `ItemCat`, `ItemName`, `ItemDesc`, `ItemImg`, `SalePrice`, `SupplierID`, `SupplierPrice`, `WarrantyMonth`, `AllowDelivery`) VALUES
(10007, 'phone', 'Iphone11', '128GB', 0xffd8ffe000104a46494600010100000100010000ffdb0084000a070812121112100f11110f1211111110111110121112110f0f19152719191418181c242e251c1e2b1f18162646262b3d313535351a243b403b404d2e343731010c0c0c100f101e12121e312421243534343434343134313531313531313131313431343131343431353434353431343434343434343434343434363134343134ffc000110800f400ce03012200021101031101ffc4001c0001000202030100000000000000000000000103060702040508ffc4005010000201030005040c070d0509000000000001020304110506123172213341b1132236515461718192a1b2b41424537491c1d1071516172332425262738294b3253435d2d326638393a2a3e1f0f1ffc4001a010100030101010000000000000000000000010304020506ffc40031110101000102040306030900000000000000010203110421324112317105135181b1c12391e1142233426172a1d1f0ffda000c03010002110311003f00d3200000000000000000000000000000000000000000000000000000000000000000000000000000000000000000000000000000000000000000f4742e86b8bcaaa8dad37526f95e392318f7e4fa11b2b467dc62728a77374a12696614a1b5b2f89eff00a101a901bb7f12947c2eb7a30fb07e2528f85d6f461f611b8d240ddbf894a3e175bd187d83f12947c2eb7a30fb06e3490376fe2528f85d6f461f60fc4a51f0bade8c3ec1b8d240ddbf894a3e175bd187d83f12947c2eb7a30fb06e3490374d5fb8b534b31baa8fc4d417af0783a5b506d2cda57356f609f229c616ee9b7de52725ca371ad019d7e0ee89f0abcf42d7fce3f07744f85de7a16bfe72460a0cebf07b44785defa16bfe71f83da27a2eef178dd3b76bd5303050663575361573f7baf295dcd26fe0f38ca85c49259ed14b926fc86255694a12709c5c6516e328c938b8b5c8d34f7302b00000000000000b6da1b538477ed4e31c77f2f007d23f737d5d85958536e2bb2d58aab5a5fa4e4d67673de4b93ffa5dac5aef6b6551519b954abb3b4e9d3d9cc239c664db49759915bc36694238c614563bcf90f9c35e29ce9e96bb55f39954738b794a549c5763c3ef2585fc2d1139d2b77eaeeb9dbde49c20e54ea25b5b13694b6738da586d3596be9594b28ca12f1bfa4f9af512539e93a3d8769c60aa4a787ba9ec38f2f95ca2bcad1f4555a339d15185474a7daf6e96776f42a63b5b4d6fe55eb45a52d7261bcbc72befb2d8ee104800000001e5e9dd154aeadea50ad0538548b8b4fad3e86b91e7c47a87196e7e403e46d2963f06b9ad6f5339a539c1358edb0fb59791ac3f39e79f45e90d076b52b54955b4b7a9394db94ea51a7294bbd96d65f260a3f076cbc06d3f97a5f617e3a36c97765cb88dad9b35a6a06abd2bb8d6ab7509ca9c5c6149a938a94f95cf772bc76bf4995cb50b47fc9545ff00167f6997c694611508c6308c5623182518c577925c88ae68d18e9e326d66ecda9ab9dbbcb67cda9f5a355256295d5a4e6e14e7172527f94a52cf6b2528e32b385df5c9e6e5adf455dd95be9449766da8dbdd492c3ab98ed53ad2c726d613837d2e3e4339d69866caeb3e0f59f9d45b5d46196d172d5fba7bd4159cb87e355239f5e0cfaf84c6cb3bb4f0ba99672ccbb3000014b48000000005f69ce53e387b4505d69ce53e387b407d736cff00250e189e2eb4eaf68fba8295fc69f6bbaa4e4e0e3fc69a6978b383d9b6e6a9f0c7ea3e7ad7ed255aef48dc42acda85bd4952a709b6a1051e472c6ecb7979ef63bc46337bb42dda373ead681b0b658b28535b58798e5b9e373726dca58cbdede32f0641712927149ecc70f2d77fbc7cf7f73cd2356df4853a109e69d694a33845f69b6a0e519a5d12584b3de6d1f445096d422df4a44652ce5532eeaa84e4e3db6feb3b71dc8aa7bbcc5b1dc842a4004800001c5ee7e4391c5ee7e40311adce54fde4bac8d92ca8b339f8a735ff005364ec9bb4fa63cdd4ebbeaa65128944edc914ce258a98feb52f895dfcdeb7b0cc1ad5ff00b3f75c369ef750cf35b17c46efe6f5bd866056ddcfdd70da7bdd433711d9ab849cf2f97dd81000ced800000000175a7394f8e1ed149e8eafc53bcb54f73b9a09f91d4407d5f6ab34a0bf61751af35d7ee75f0baf2bab5ab1a156692ab0a91daa551a58524d72c5e30ba7385e7d8765cd43823d4760e52d69a97f73a56757e13735235aaa4e30d95b30a69ac4b672f2db595978e46d639726c88c9258cafa51cb6577898a0386fddbba5f88b8024000001000921eef3021ee031692edea7ef258f264962a4bb79f8a73f6990db3769f4479babd75c64572459823058ad8f6b72f88ddfcdeb7b0cc02dbb9fbae1b4f7b99b0f5aa39b4bcfd9b4b993ff96d7d6613a0609e83bccf45b45f9d54aa65e22f38d7c2ceaad6a00286a000000000f4b573fbeda7ceadff00a88f34ef686aca9dd5bd47ba171466fc919a7f501f5958f350e08f51d828b2e6a9f047a8bce530080252e60e316484000000100490fea04b206272e727c98fca4fcfcbbc9c915a5f949f14bda671da37e9f4c79da9d75c8893e438ceaa5bd934a84aa72c938d3f1f24a7f62f19d5bb38937bb4791ac50fecdbf9bfd3b5aca3c2a0f97cef3ea305d5ff00f03bcf9b2f6ea9b175cffc3af52e4f8ad6fa3619ad743d750d037927b9d1a70f3ceb5482f5b464d5bbdddb34278779ff00776b90015af000000000bad39ca7c70f68a4bad39ca7c70f680faeecf9aa7c2ba8bca2cf9aa7c2ba8bce1300004a13399c494c98848200dc0001212c82590861f56d2a4aa549465151739e32e59df8dd8394346cbf4ea79a31c7ad9de86f9f1cfda399af1cef8631e5a78f8adbf575e95a53872a5b4ff5a5db3ffc798ece4e2c0bcd3249e4f175cbfc3ef3e6971fd2933555b773f75c369ef750da7adefe2179f34bafe8c8d596ddcfdd70da7bdd42ad4ecbb4bbb02001c2c000000000bad39ca7c70f68a4bad39ca7c70f680faeecf9aa7c2ba8bca2cf9ba7c0ba8bce13000e212e478569acf6f52edda537294bb64aa72284a71df18f4bdcf97772721ebdca93a7350fce709a8f16cf27acd09657d2a53a7520f665094671f1493c93222be83c1075b465ec6e2853af0fcdab0535e26f7af2a795e63b285200020096412c0c769ef9f1cfda39f2942b88c6534da4d4e5ed112bda7facbe935632ed1972cb1f15e6ec6d319285739fcd52970c5bea472eccfa6153d097d84a3795e46b6ff72bbf9a5dbffb32356db773f75c369ef7336a6b2a72b0bf9e24a31b1ba4b6938e64e9bdd9f12f59aaedbb9fbae1b4f7b9956a79aed2f260400385800000000175a7394f8e1ed14975a7394f8e1ed01f5dd9f374f8175169559f370e08f5169c3a720410049aa75b7516e9ddcaa58535569579b9ca3d921076f393cc93da6b30ce5ac67196b1c8b3b541339236631a89a32eed28cedaed537052ec94a74e7b715b5f9d07949ae5e5dd8e56656704721e66c0006c903043086311b8a6a73539a8c9549e5349e3b6f21daa75a1fa3521e674d7d4619a5ea35735b0ff004e4749d57df3c6cbda7ad86a658dc6592d93ce5e57d6fd1ed69fb2b0d4d3c7399596c97b5f39bff46c64f3d3b5e46bea271e2f59acdc9efcb2d85ed58fe6d4a8b86725d4cb71f6acbd587f9dfed137d8b7f9753f3c7f5acc75ba3fd9b7dbff00b9dcf4bf9266a0b6ee7eeb86d3deea19ade699ad3b3bda351ba8a56577872ced45aa329673d2b93a4c2adbb9fbae1b4f7ba87a1a1af8eb61e2c5e5f13c3e7c3ea7833daf2df97c39cfb5604002e67000000000bad39ca7c70f68a4bad39ca7c70f680faeacf9aa7c11ea2e29b4e6a9f02ea2f384c402404800002208407320920942480091aab4d3f8cd5fde4bace964ece9b9fc6ab722e725d3e33a5d93c5f41f2faf3f172f5bf57d970b3f030fedc7e91cc8214933b5616352b4d429c5c9bdfde8aefe7a1154c6dbb4f35d9653196e5ca458acdbb0d2359ee8d8dd423e394a93cfd0bacc2edbb9fbae1b4f7ba86d6d64b1f83e8aba8296736974a5c984dba3279fa52354db773f75c369ef733e9f87d2f75a530be7dfd5f1fc6711eff5ae7dbca7a4f2ff007f3604002f66000000000bad39ca7c70f68a4bad39ca7c70f680faead39aa7c0ba8bca2d39aa7c0ba8bce130209012000002001c90211211b000030bafabb4eb54a952539272a93ca4a385878e9f210b54e874ceaf9b657d45177ad10a15aa51951ad2d9a92ede1d8da7979dce49f496d0d6fb4934a539526fe56128af492d9f591fb063678ee9f9f3df66f9afc6e384dae5e1db972edf93b10d58b55fa339f1c97d491eb59b8d14a9ecc2116f119c22a29bfdbc74f8ca6def29d58a9d3a90a917ba54e4a517e745ada9269f2a7c8d0c34b4f0e8c64f9326a6beaeaff132b7d6bcad7eaebe03774fa7e09732c78bb1b5f59a8edbb9fbae1b4f7ba86c0d66cbb7d212965a8d9d6a70949e730509671fc595fc28d7f6ddcfdd70da7bdd42c54c08000000000000bad39ca7c70f68a4bad39ca7c70f680faead39aa7c0ba8bca2d39aa7c0ba8b8e1312080120000000012404049089210180691b552ad55b49e6a4b7af19e6d6d1d0fd58f9961fa8c96b43339fef27d675ea5147a3a796d8cd9e9e967b633d1884f456c4b6edea4e8cfbea4f0fc4fbfe7c9ee684d369ce36f7bb54a52788558d49aa555f79bcf6afd5e4e9babdb9e55eda46717192ca7ffb93ace4d4eafcfbfea6ae1353abcfe3dd91ebc518c3475de1258b5af14972616c3e4354db773f75c369ef750cc2ef4a4a7a2ef6d2b49caadbdb549539c9f6d56db61a4df7dc5e22fcb130fb6ee7eeb86d3deea1833c7c376af332c6e376ac0800439000000000bad39ca7c70f68a4becf1d929e776dc33e4da03eb9b4e6a9f02ea2e2bb6c76386ce71b2b19df8c161c26000090000000000000201018acdf6f3e39f590cebded64ab5451ca5b6f7efcf4face31ae6ec3a637613f762da94f279f7344ee7662a9c933bdd6308d6b52a54aa5486fec55a9c97eb42707069f9329ff0009e35af73f75c369ef750ca35be9af82d77feea6fd4633678fc1fbbce73b367b38dc9fc32a6ff364cfafd98f88ea9580000a59c00000000262f0f2b91adde52001f59eae5fc2e6d285783ca9d384bc995b8f4cf9e7ee75afef47fc5ee14aa5b4a594e3cb2a2dbe56974ae9c794dd5a375aec6e22a546ea94b3d1b6949789ade8e2a63dc0753ef9d0f95a7e9a1f7ce87cad3f4d04bb60ea7df3a1f2b4fd3443d29416fad4d7967103b80e92d2b6ef756a6ff8e272fbe743e569fa680ed83a9f7ce87cad3f4d0fbe743e569fa680ed9139a8a727c8926d9d0aba66de2b96b53f22965fd0627adda62e6e294edac60e0aa476655fb25b464a2f7a8a94d34f1d3d0075abd5739ce4b74a726bc8d95baad184ad52bff09b8fe6adbfd621ea8dff008457fe6adbfd6354d6c64db6689af8c9b6ccd7e1272f84982bd4fbff0097adfcd5affaa43d50bff97aa97ed5ddb25fd527dfe3f04fbfc7e15e86bce98853b7951ca756aad9504f2e307be525d0b195e5f39e4df4bb06828c25c92baad4a9c5656654e8b9549cbc8a751c3cb13acb4059dacfb2e90bda73d97b5f06b49aad7155efd994976b0cbe9cbf36f3c5d64d3b2bcaaa4e2a952a70ec56f421f99428add15df7df7d2539e7e2acf9e772bbbc6001cb8000000000000000000000000000000000000000000000000000000007ffd9, 7231, 10001, 6130, 12, 'false'),
(10008, 'phone', 'Iphone12', '256GB', 0xffd8ffe000104a46494600010100000100010000ffdb0084000a07081512151210121518111212121211110f1112111412121218141919251418181c212e251e1e2b1f1818263a262b2f313535371a243b403d333f2e354331010c0c0c100f101f12121e342b25273a3d343434343431343434343431343434343434313434343434343531343434343434343434343434343434343434313434ffc000110800e100e103012200021101031101ffc4001c0001000105010100000000000000000000000501020304070608ffc4004a100002010300030b07080707050100000000010203041112213105060741516171738191b113223452a1c1d117233242537292b21433446282a2f035436393b3c2d2245464a3e116ffc4001a010100030101010000000000000000000000010203050406ffc4003111000201030105070303050000000000000001020311312112134151b10461718191a1f02232d11542c1145262a2f1ffda000c03010002110311003f00ecc000000000000000000000000000000000000000000000000000000000000000000000000000000000000000000000000000000000000000000000000000000000000000000000000000003c6efb37f746c1ba314ee2e309ba517a31867669cb0f0f1af0937d1947899f0a57b26dc695251e24a1525def4b59a4694a4ae9149548c746ced00e2bf2997fea53ff002a7f128f84ebfe38535d34a7f1277332bbe81dac1c4fe546f7d5a5f825ff00229f2a37dead1fc12ff90dc4c6fa076d070c8f0b17b39793a34e35e7ead2a3297761b6fb8c95f84add7846539d938422b329cedabc6315cadbd48a6cb2fb48ede0e01f2cb7bea52fc2fe23e596f7ece97e097c48b779277f0700f965bdfb3a5f865f11f2cd7bf674bf0cbe22dde2e77f0701f965bdfb3a3f865f12b0e182fa4d4634a93949a492849bd7c49675b165cc9d4efa0e2bf28fbaf1d72dcf9638f4ad6e71ee2777afc2c51b89aa1770fd16a37a2aa65f93d2d98927ae3af8f5f3e06cb2aa49e19d3400416000000000000000000000001a3baf79e42857af8cf92a539a8f2b8c5b4bb5e11bc416fd7d06efa9992b5619f3fd7aede9dc557a739b94e7296b72949b6dbf1e7d25c8464b742a4bce5a973e9671cf8d86fd6a5a54a4971a4bff005c08c85ce82717e6bd928b8e5b78c6a78f03d355d9daf6479a8c5357cb24f73ef5d4587b53c35c8fe06facedd785b5f210fb9749a729358d269e1f124b0b3ce4cc6acd42714da8492d3c2d58e77c45e0db8abe4a4d2527630d7a6a4b3c79d7d2f567c3b33cc44dcc653d0a70fa75aa469473ab6b5abbda25e6fcd9743f03429eab8b17ff00991f655a62a7da44747b5caefd11d9770f73a8d8d28d0a3151492d39e169d4971ca6f8dbf66c5a8bf751aad4aad093718d5a7529392da94e0e395d1923a775ce64a742a4f5e3457ad3f35776df61a6c2398e6dbbf13905cef32f29c9c7c969a4f54e128b8c972acb4fbd2307ff0094bdff00b7977c3e276d56515f4e6e5cd04a2bbde468518fd5cf3ca527efc197f4f1ef3d5fa84f92f738a2decde2fd9df6b87fc8a4b7b178ff00676ba1c17fb8edbe569fa90fc29947569bfa91ec49780fe9a3de47ea32e4bdff002715a9bd6bc93cab671e64e18fcc4e6f437a1711b9a35ebc3c8d3a152157ce9474a5283d2514937f592ce71ab274c70a4f89c79e327efc963b5f527d935ef5f0257678dee44bb74e4b67426e175ce78fe12f70e9dc5bcef23151b9b74a7e5124a53a69ad28cf970b5acecc638d92329ce1f4934bd65ae3de8d4df05de95a5e2e5b6aebf9245a70ba30a737092923d27059bad2badcfa529b729d294a84a4f6b51c35dd1945761ecce6bc077a0cfaf97e589d28f0bc9de4000412000000000000000000082dfb7a0de7532f713a40efdfd02f3a997b898e510f0704b77887e1fc90352add524f0dacf4e0adcc9aa536b6e8e53e8843ff00a4351a5171cb7adb7f95bf1c23d739b52b44f3528271bb3d1519c5af37fae73dfef7f756d69dab8549c61349e9c24bce93cbd697d6cac781cb371e6f5c78a32c27d29eaf66498c10e2aac15c94dd296852ab4d54715a316e6e11f562f385dd834a9d3cdcd8c76695dc565ae5ab4d64dd9af364b9563bf51a8e6bf48b09279c5cc3d95605e78f35d4cbf6cbc1f43b053853a5ae2b4a7ebcb5bece435ebdff00391b5eeb269d4ae7a2c71acd92152f1f29af3bae723a558c13ac0ba81272bbe729fa5f39132ac58eb1372ea9932af39ccd0bfe73cff970ae0b13ba3d5d1dd2e734f7c5e4e56d7528f992fd1eb3c2fa2fcc7ab1c5d842c6e8c7ba9779b7aeb968555fcac3826885069ab1ecf80df41a9d7bf0474c39a701be8353af7e08e96718fa100000000000000000000000103bf7f40bcea65ee278f35c20d571dcfba6b1e7461079e49d48c5f6e1931ca21e0e03466b1a12d8f57f5defa73ccb3a8f72967cc9f9af89497bf5aed3222e3dd2846593c319ca3836aced634d6135debbcd96d2dad2e99222f05494ada221c9b36ebdc2c623af9f95fc16dec46a5383f2b6292d72b98e8eb5afe720bc530cba12c55dce7c97117dd5d14a98f4ea5a3aa7e0fa1d429ee571d49e3f729eb7f89eaf633661696f1fa9a4f967294bd99c7b08dab7dce6bbbde712727c4e7c55b089f8c687d8d1eda54df8a2aedade5a9d1a7fc3151f6c704046f39ccf4eef9cc5dd712f737ae37b76d53f5729d17c58969c3b54b5fb5101ba7bdab8a49ce2957a6bebd2cb925cb286deec93b46ef9c90b7bde70ab4e3c7e752c9a399f9429e50e83bb3b814af13943146e36f944bcca8f92697e65afa761cf2fada74272a5562e1523b62f8d71493e34f951eba7554f06895cbd55316e855f9aaabfc29fe5661f2861bc97cdd4fb92fcacdf6b46594754755e037d06a75efc11d2ce59c06566edabd3d5a31953a8b6e74a6ea45e5f2629c7da75338ed5be771d240004120000000000000000000f2fc23ff67dc74d1ff5a07a83cb7091fd9f73d347fd681687dc889619f3f22e2d454f79ce2a0a004865b527e759feed7d7fe645fbcab31dcea768ff00c46df3bf28be08cea7dbe9d4bd3e3e0fa1eba77462774474eb985d62d63cca04c46e8cf4ee886b58cea49429c5ce4f89712e56f625cecf59b9db8308e1d79b9cbd4a6f460b99cb6becc19cecb24b460a37248d0b825adadada384a8c3f8939bef936cdd8d85bcffbb51e7a6e506bb9e3d87965563c88d8be191f6d745dbb5b950bea5a0f11ad04dd1aaf89fa92fdc7ecda67afb8728f9d464e697d49614fb1ad52f6769af6b5da787a9a7869ed4c88cf5bc595faa0f539757a72a7394271709c24e1384b6c649e1a35aee5e654fb92f03ddf083b98a5085fd35ad38d3b8c71a7aa137db883e98f21cfae65e64fee4bc0e9c27b50ba3d70d6cd1d53808fd4dcf450fcf5ceb0727e023f5373d143f3d73ac1cd967c97447b500010480000000000000000003ce6ff0068a9585da795a34d4d631b6128c92e8ca3d1903bf8f40bcea65ee2639443c1f3922e2d454e81ce05414003315f6cb5fbf2ff0050f49b81bd5ab7917514a34a926e2a734e4e725b5462b6a5cb9efd7885df1ee6cad6ad2a339466d4dc94a19c34dc79763329c93d3c3a9bd38bcbe4fa09cca4139c9423ae52784b9cc3291bdb94b0e5539168c7a5ed7dde26c95d983d11e92c342de3a10d7278739f1cdfc171236e9de678c80f2e6c51aa6552265b3ccf4d6f724adb5c9e52deb12b6f58f1d4a60f596d7053752d1548bab05f391599a5fde457fb97f5c4455ad726ad2bec3c9ac1dd165f52b322e14e35a15284fe85584a9cb9949632b9d6dec38c5f529535569cf54e9e9d39a5c538b716bbd33b555a7e4eaca2b5472a51fbb2d78ecd9d872ddff50f2777738d4a6a3563fc74d36ff1e99d3ecf2cae6be752fd9f2e2ce87c06504ad2b54d7a52ab1a6d6ac621a524d73fce3ee4751399f01be8353af97823a61e63a2800012000000000000000000081dfc7a05e7532f713c40efe3d02f3a997b898e510f07ce28a9440e81ce2a5c5a5403ad6f4eac5d9dbe8ec5069fde53927edc9cef84479baa5d9e28dddeb6f815b2951aadf9293738cd272d09e35ac2d7878e2e3e921b7db7b0af5a954a7971d2d14dac670e3af0795c1a979ff27b233528fce468c8ddb49621fc4dfb11a5233dbcb535cf9febb8f6c7278e5836a3336695434148cd4e6449104cd0a849db5520284c93b69984e0519e8ad6a933675761e66daa139633d878e702b736f7565f394df2d35f9e4735e12fd27a6ce937f8aaaf71efefaa6955c7a918c3b76f8c8e75c22d652baa915fddd0a74df4e8b9ff00bd1bf678dade06d475aace8bc06fa0d4ebe5e08e98734e037d06a75f2f0474b303a2800012000000000000000000081dfbfa05e7532f713c40efdbd02f3a997b898e510f07ce28040e81ce054a000ab35ef3f67eb1f8c0d835eeff0067eb1f8c0a54c79aea6b4b3e4fa1b128883c3cf799a512c713532b97e0cb0315378d4f6781b54e19d9acbe4ab763351648dbb34e95224ad6894944ce524485af113746aaa707525c5aa31f5a5c4889a75214fe93cbf517d27f029e5a55249bd496a8c56c8af8f39e7942e536b8929b9e9ca5a527adb72949f7b672bdddbcf2f56e6bf1549d4943abd91fe5513deef8efff0046b69a4f152ba74a1caa2d79f3ec8bc67965139ad5d92fbafc0d211d1b3d5d963a6d733b6701be8353af97823a59cd380df41a9d7cbc11d2cf01d04000090000000000000000000416fdbd06f3a997b89d2077ede8179d44c98e510f07ce28040e81ce000003315c2d76dd74bf340cacb2aaccad572d77f9e0567adbc5754690cbf07d093940b1d3242744c4e91eb942c7954cd454cc90819d523242999b893b4294e4b8fc19b90a937f59f66af0314291bd42df256c66e48adbd3c92f6f08c2329cda84211729ca5b2315c663a346308b9cda8422b329c9e124790df16ef3b9f9aa7985bc5e527aa5524bebcd712e48f6bd7b2bb2210755d96389a7bbfbaaeeeaba9871a715a14a0feac13daff79ed7ddc488aabb25f75f8190b2b7d197dd7e069b3f4bf9c0e9c525648ed7c06fa0d4ebe5e08e96734e03bd06a75f2f0474b3926e800012000000000000000000081dfbfa05e751327881dfbfa05e75132639443c1f38a2a51153a07380001251947853b36f6797d7d1a74cab2d92ccad172d7c7f3c0acb878aea8b475baee7d0f68a9467f41a97371f76d2c95af31a75a9e0b15e548ec9cba1bd25dcf274379cd1cf5465fb5fa9baad4cb0b4231eead65c717d34e1ee4619eec56f5f47eec29af6e3251c9722ca8557c57bfe0f474acf565ea4b6b7a92ed35aeb776de8ac41f979f12a4fe693e7a9b3bb2796b8af39fd39caa71ad394a58e8cec359a28f5368764fef7e4b4f9ec6d6ea6ead4b969cde2317985386aa70e7c71be77ac8f66468b1a0a27b629455922dc1656d92fbafc0cb82caabcd97dd91a6ce8cbac9da380df419f5f2f0474b399f01be8353af7e08e98708d9000024000000000000000000101bf8f40bcea264f903bf75ff4179d44c98e510f07ce28040e81ce0000032ea6d795b2d269455cc5c9b6945474e9e5b7c4b05acd7bed943efcfc625278f4ea8d29abb6b9a7d0e977fb9dc6b5a7ad35ad35ca99037368d109b9dbb55edb5529e61c746a2d2a4fa16d8ff0b44f51df350abaaac25425eb2cd4a7de9692eeed3db19c5e4f2ee6ad3ef5ddf8ff00a46d4a6cd79c4f42e853a8b34e71aabf7251963a52d868d6b26b88d7777c178d44434918e4891a96acc32a04ee99ba92345a2dd1371d031d4718ed925cdb5f717dd5b565d335d4057862127fbb2f013b95f5576bf8182be64a4dbcf9b2f02ae7149ecebd0ba4ee769e037d06a75f2f0474b399f01be8353af7e08e987ce9ba00004800000000000000000021b7d96eea595dc22b3276f57452dada8b785d38264129d9dc1f29a07bddfb707f5adea4ebda41d6b69c9cbc9d34e5528675e8e82d6e0b89ad8b6eccbf0b2a72594e2d35a9a69a69f21ef8c9495d1cf941c5d99602b8182c54a335afbe85397ab5259e86a2fdccdac164e29a7169b8cb53c6d58d925ce8a4e2dad0d29cad2bb3132c65aa8548ea8af2b1e271d6d7335b57696b954fb29f74be059558f1baf267a2c5d8d79e35b1f1a33d3beab1d952a7439ca4bb99ab99fd94bb9fc0a627f652ee97c095522b0dfa3fc0693cff0006ebdd4adebbfc30f81495fd57b66fba0bc11a999fd94bb9fc0aa73fb29773f817dfff0093ff0062361725ec659549cbe94a4f99c9e3b8a4699629cfeca5edf817aaf3fb2977bf812aa52bde4fda5f826cccf1814b9c46136f931daf51646e27c5465edf81e837b9bc9bcdd19c1ca9ba16e9a6eace2e3051e58e7e93c712f617a9daa9460f61ddbee6978eab81093b9d3f814b694373dca4b0aa579ca1cf1518473f8949761d10d2dc9dcf85b51a76d496214a2a115c6f964f9dbcb7ced9ba71de4d900010480000000000000000000000519e2f767f5b2ecf02a071248f0012016b0002c9194008ab285402430002482854000be8fd28f4a3de51fa2ba0a82af25960c80020000000000000007fffd9, 72123, 10001, 6120, 12, 'false');
INSERT INTO `item` (`ItemID`, `ItemCat`, `ItemName`, `ItemDesc`, `ItemImg`, `SalePrice`, `SupplierID`, `SupplierPrice`, `WarrantyMonth`, `AllowDelivery`) VALUES
(10018, 'Notebook', 'HP Victus RTX 3050 Gaming Notebook', 'Victus by HP 16.1 inch Gaming Laptop has a powerfu', 0x52494646fa5000005745425056503820ee500000d0fa019d012a520352033e451e8e45a2a1a310f874bc300444b4b77fe05ccefc99d019affa15cebc9e8ced1f3e7df71023db35b5d356d980eeffd57f7efdbdfca3eb5de43efafe567e4fe2bde79fc8f37bf27fcebfd0fdd67d42f48ffdf7d413f84ff64fefffc77fb4fc5cf487e603f81ff2bfd66ffebf191e91fd003f49bffffefffc56faa5ff81f503fdddf5b3ffcbfb55ffffe62bfad7fa9fd9ef80cfe39fcd7fdefe7c77007a837f00fdfff707e5cfa58f35bf83f977e8dfe4bf6efeb3f353d95ffdaf345d89ff37d1afe7bf87ff73fe37f75ff353ee97f73ff6fc3bf9c5fed7a88fe6bfd3ffd07e6c714400afd1ffbb7fcefba8f81bfa7ffc1e9f7e93fe67f663e00bf99ff59ffb7fe0bdc4ffbde2c9f7affadec09fd1ffbdfed5fbb77f9bffe3fe0fa7efb03ff4ffb4f81efd7cebc1e88e2a287b595b34920e0543dacad9a490702a1ed656cd24838150f6b2b669241c0a87b595b34920e0543dacad9a490702a1ed656cd24838150f6b2b669241c0a87b595b34920e0543dacad9a490702a1ed656cd24838150f6b2b669241c0a87b595b34920e0543dacad9a490702a1ed656cd24838150f6b2b669241c0a87b595b34920e0543dacad9a490702a1ed656cd24838150f6b2b669241c0a87b595b33e8ad8117250e124888430bc376c8cbcc03a51db976c8cbcc03a51db979519680dd19798074a3b72ed919798074a507610a417a9ba25ffd0b4c5cbaff7eb6a153f3fa121ed656cd248380fa5c2ed621561793d5f040899134e8598c55a7f2793d0410bb98564f09723f6cfb2925c70e7ae8675b7588f71615dd3465422e9d72b9120feff7257ee4ee94199cca1df48dce101df63541fc80985c48d719cd2e9935922e5af389e7a7e58d20e0414156cd2483815119eb165e1985dbf985da2ffb59c3e8702a1ed656cd21fd26f3d3f2c690702a1ed656cd24838150ee5aba198ee3c669241c0a8772d5ccaddd4f3d3f2c690702a1ed656cd2483814b9485aef3d3f2c6906f929aa040753cf47ce6d16de0ed333338525c786f334ffbdb5fb0f927149d29538331665e425ee8993f45ba36b6c5833d3583a9ba29b67c09b3bdd43a35491c0696d532b6690c4be36bec2b669241c0a87b18ba9c3814d463bdd9c8ce1a1453aeb640ede58be7b7174a619938a5870e0e044f278f4f42d03c163f82dd14f8145863ec042fdb13b5d2a79ac3da5f8ed9c54fd3cd8521c68187947b595ac9d70dacad9a4907029512e64670a87b5973eb418a95b9c1fafab6d6024d5d867f10e9ce9b2dd73b73af457495c48dc86b925f4d521929eb236620a600be3474e01480e9521aed44595ac9d70dacad9a49070295d3b5474a4838150b8aa4b687e9fea43fbaf283cab5880f58bf03e53c38e52162853294680bb77b9f2f74937b2c41773da02c549d628ace85b5b81bbf7dbfc98582d42860448e1483f2162f37a509cde188bc56cb1a41c082850ab8ef3d3f2c690080bcf4fcb1a48821fc1b8a1bff7b01aff693d887c41226e6d12901363d8f4aa1212df8047e611786fe15a2486f5471252eed656cd24558f38702a1ed656ccfaad8d3a56cd2483811ce01feba79df8db7d7b2e567b6189cef8cccc2e9859b3ba78ceab2653ab5c56ab1f602280c8f038a31648abf9e9f96347f9f9df3a8c669241c0a87b54d055b34920e05268b42370308c3f7b3519e1d802277570cca25557166f899f8d49a5d6d6cf829c2cd690702a1ed6421d314fcb1a41c0a877db43690702a1edb06e1cd1fb85cdaccc9c5d41ba63acf6151e0f1a8c536d6e7fd64194920e0543b96ae864e3f1e334920e054255e1634838150f6a6375812f80da0b3de2580d3ba5ef735c38150f6b2b5938e0f6b2b669241c07b57a2fdeef3d3f2c690724ae4c111588dab2716d4aa4dcbebd11656cd24837c1c8f218d5b34920e0543d8c57b4838150f6b2b66f548150f6b2b66923fe3ce74a4838150f6b2b656ecb7a6236b2b66924199a8c1ceea806285e62445819230a9cb9a06e12e395873d1a5cba3369be9160d545fc392c353b1d565fe49ea79e9f963455eb78150f6b2b669227c06dd93d3f2c6906f8e0dce5b13253da834542f1074bdae1f02cf30c122edcb4e3953cc0f83bb70f6b2b6692255d4bf553d3f2c690702a1dd96edde743dacad9a4932bf48f01543dacad9a48abdccad9a490702a1ec41861edeef3d3f2c690702a1ed656cd248381509589c690702a1ed656aef4bd93aef3d3f2c690702a1ed656cd24838150957858d20e0543dacaa44c7b083d4d76177a43e7088af9aec4b7a90985df869c04457cd76177be374118bbd20dcab55aa604c2cd4a3d74c56cd24838150f61d70f0431fe883dc3a8d803c86e93a0f4805f33c8f6eb13ab562cc762be76259d009d9253aeb3cf743da610b2b669241c0a84acfdff96ea36136c25d1552d35a5676cf2d92cd48f5de2a37c1b2ec6934a41c0a87b595b2b7693e776f23431346517e0fe2b86ee01a53bcb5dc57695a717f9cce4e00003547b6fe57b6fe614df88255c9eec3deb5c8be51ee34236b20942648bc1120e0543dacad9626ec2610140043df703ee0395247278ef936263e6671a5429612c7af3c95c370a0b90564b26e84a9f5b5b20591ebf0af7eb2b54b2b1a02e15da87c2bb6d6175a436938576dac2eb4ed3756f51fbec8a75e0d31cdab8184b43842c53ae78f764f7711a5b15b34920e0543b744dd29df64db22c22c31b76c0a508259b616e0a65daf479b8421dca0691cb79ad1cfb528021676b9871ac34ee8c854c0a10a32d0367aa7465a06ce0c9609e47ddfc208c9133dd2e5cb2c8ae19609dec20187bd9f430f0927428329f1ba3d9b48bca7e58d20e0542281a4c39588795b1533a0058d45b6a881e8ba6a1183e2497811f8f073332f376da2be3cef0ef6871f09ae0169e25c49b9cde7533af341ed754a6d5547069a6c2ab388be0e7f3241380878e88924e20898d9cba36093e7f5c519a604c59631926b520e43d8eaae69001f9a5a159cb3417a17df03052d5751f6ec408370a18a61de8aa4b89755f78b9961e01604acc751648ae25cc8fbbb4f439337db5cdf8da41767fb08469f154d51e888727ec5c0702a1ed656ab44b05e16082be71eb1a4cdda0a6113719a460419749c7c9adf9ea3814f9887a973170ace402597c1e09df43a30fc98fec902e2842ea0bdf8781abb333a2c14b84cc83539680a59cf1ada9940e2f208364f44d27d7424b5bcf263c2693b9a7814ed0d202b2947352536a26dc6f13c5f2259f99ba58bcc8813c2ef7fab7777dfad92f2c70a2eb47e82b8ccde1d075cfdf32ca6fcee08429ea5d4dd7a19dec73db68642a073e49be61cd966755e369db270fcfeeef714161697d6a76226bea88fff1f5e92a8f53d59ff052b00b4e2ed47f25364a7225d04f063eea7edb4945aed47b6d63c81c0a87b5434adb95dd00007bcf81e10e4b05bc0a0546bdd88b816b753bdff0f75fb0a6a034a08bc218585c8acdfa0f2303ca6cde53aa47ad8c81ce9a305543b7db6a099c50fd5f2447e0ca1176c1c6e73fb8fee2ded7ff8ee813c9922f79abde111658d54055a3cbdb011817d9da068cc6bc97a69a902e73a7aff52434c7af849f61921298062c784737be11c85690289d76865a1e649e524339387ca409bd51be1d5866dc2dad3e181702f731d35a432a374c53a6b32c4507ea4c9001fb8e9539767be84e311a6dd77fa9ea5bfe06a56ba58863275159d12072d35dec7f0ee317f29ab595e3230e5f54138f19a4906f7858d7e1da3f75796422ef039fe39f3203b1033d5c260d843544fa022f283e124d4489fa1f4a32fcbfe3ba43f1bf3910c137c5d296001c07bd7cd900e22d96dc83d6ada48ea18c0cea6a24c5a1e50bc5d2e5907f3953f01efb8079b703d3167c5e2d4ca3d534a0915db6e493db23ac3f94b4b2595c1ef55af1d1718fea08cdb7f769a1ccdfcc6c58a0d810d45c8d513fc518fdcbcb12c032665b1ffc87e00f04893559e870233c25bc77d6fb8431d2c6a1a21bc44591d454ade107bf4b0ff035e09b8e4bdcfca343a290b5587b3267e0f211af763c78cd247fd1fcc56e30327d2174bfc67cfbd63d962eb7dda1c130569ac9640138909ceb014671e85077e5fa9736d9d20908b66592b7fb4e1cf84e0204e38545136b2779782ebee38285f2a8bf1af30f0f1acdde2a6c393ad85415dd303933f8c7b90d96ae4d19371e4101d9f6822ec0b2abfc8000139174487226bd1a34057b5c894760346252a4c8eed05f4bc6d2325cc7be202dbac5aafbe8352e6cfb578a1bfb157fcc87925bdaab0995315ec02cc13d8771bbf3a1d0176fc6e1b7d93c44dc2a7c3326ad5331da5f905e521ded5f44118c592628956580eed3bed9c920e0543b58f5dd47350bd450c624801cc42ca8210b67a434df7fe52b6d28cdb8ca83e85e662ddb0ceaaa10ba45f1d3180e67eb32ee54cfb6ab912cb8c8da3c7087ddb2c01fb0414e3e3f67bc61dbef9b80922257c23d723541ba7ca6cd1652280cf8051321dcd8b464e76ce388bdc741a45a86290a8fed0338b96af52e32e55c791704696df97562a82cf1ca7dc6c7d8cb379136ba6b3c75da0dd591690590817d56a8c5ae3c547ddcdca4940338570089113b8a613e3dd13086b552b40f6b2b56d4783a46a70e2dfcea212c81aca90ef18e2bcc0ccc8f868e8590d4dd4d0176129ff6376abfd4fcbbad012c16e9a3e9d9bf3bfa94ff547abc0444525f61a3037b0a1f78f8679202ffb972f7c92fc2f6ba3593282bf73ac37e0666251c7f2f679fea4abdfd26a8e7e6d895f01ad269abd51bb60d8915567ba3c98043f3e103024c44a6759a4a45c7b96231cca71e8243d07994ee17b65950219f2669241be523e6ca856416becd03751fe226e0d74fa2913a708f17e657eef9e547f68505404d4ea60ab29a1553594aef9481f2089338271a602eb22ee153e14d6692419b845ef3a7165124572e55f407c3387689dc1062796bc52657f985dbf9856f4dafe583cbbe3254e0f497a522b1f0e42eba89d0856303302632ecc56cd21a83705a9b4bc87955eee32e49abc100afaa38dea1c6161d76ee1c0854fa4e8d90a4a3f037ea20b91e345247f32ee85a7e34aba0dbb22484e912130a4ae50b3595c50bf6d593a9a015f5471bd37d2280a828fa663401ba447f9d83f2040ed48a00ecc492ad95f08473bc0ab83748a17c4b39b9bf5b319ddd3b524c951c812c58a49d39ad1bd988060d0e8d7b23d1d882edbec6418a82d68c66fc37bb86fd98d35c6ce3b0bb249b9cfd7d3085fd891501fd9f3d705b209019cb1d1a99c01654f16579bdc90688650dc813f741cd63c6b6e652c229a93e4532d5edfab2dba34602002c3211ce0c69428b0cd0c667aa746598ccf54c5b440d9ea98b95c92bfde71cf0f62da18c7e1ec5b4318fc3d8b68631f16c408a6f68e9a87b6125f760f8e0b3f8a8ca85571de827891f99867b0674fcb1a41c0a87b595b34920e0543dacad9a490702a1ed656cd24838150f6b2b669241c0a87b595b34920e0543dacad9a490702a1ed656cd24838150f6b2b669241c0a87b595b34920e0543dacad9a490702a1ed656cd24838150f6b2b669241c0a87b595b34920e0543dacad9a490702a1ed656cd24838150f6b2b669241c0a87b595b34920e0543dacad9a490702a1ed656cd24838150f6b2b669241c0a87b5953000feffb9f00000000000000000000000000000000000000000003dd69f96b66d7f14424846a2f80b37eac337a8128b29f0b8f76be69f3e836291de5771f3e7f356713a442ad2efa2b869de16c5fd2c558693381e2524f58148da77baa8eab1f4df029a38203a8403fa7f352d8694c9a2922ef2bb8bc43639d677a580bf7838ab3170a50eadf0f21cb199212249347268496b375591b37d807eabeed8602c7bd02d73c988768e9e7cd5b767ba12d6379f8d195a68384427913d6ee4a93af5a0d2300e1786fae21e1654ea050f926aff577f5272967df76c326ec9c46f691a5fa04214150e00b40939817f169f3477df833a02eca1c367b971806de6a99fb4ee41827a99e8a70cbed7849c958acada7ca10810ed08ef7fb849ab6040906b8f224cb13fa55d0e09beaf0da8804bce0007e0f2784d6490000000004ea4bfbb31c1302b8019718255df9c293ff8499a51360897105634007b2577994c441ae120ea8000000006837a07ddfc3e4dc84840482b82dbc30fc2f3200008d40aa0e464f8200c8e5825d14c580008c0d59fa58012247ec314a1da46e74fe54060ed49ded66264c4399e8e1aa9e2dc0bee3cb902bcee17c6861f036522bef859e875a5be94393b7508736e9b3480e6a9f94dc21ea75e29615382be8ef190f4f53069a20017e0d97701b620490cc0920dbf86c2f6c803341c10024f4c8fb99f5428b27f504575868456ddc6f051b7f14b300430a54704ea4766b34e8ffa7eff6a02c62b7eafedfe66cb8df18bd18d4cc9d5d52f17458119db5d0bb5b37ceb2df6de4c035395cf91339047a041e6884fc94684925076013ced8bd0d8947d8f3b26b00c7d35b0423d296d603499f666232e21bee1fa8d63c77511cce60117fe255e4eac0f1e4b9149951733d539246bd1061adc239c78fd35e1ab05bdf05b77d98dde80989ae3ab6b6d1f9c0e5b0e9fdb49bb9e736c7fea5836545b8d8a40f244fda995bd20139a73072b1ff4fb3a2c1de131818d9b733296108f2d7ed3b57fcfcab732e4c5bb3c67f5501403cbf8da1a1c656f8521bdf99a294904aee40b5015ca8fa8416c828e96650a82430b9a207de146bbfc1d5be0de0154e8ee521bda4b92fe917012e85881c5971d3d3943d48b6c7deeee40c8d94484d9c05e80f8033addfbb2a08540983516093bd780ee7a5589c5e37935ff3c6e670707dde1ccc8e2e77167ed14a84f6f0f1b5fadca1193d8ffd59ced11030df07d92148300e410102845d053b2c5fc06ff7ff6eae70965850b934e597f73d553d5ccd6a1787e23319e3ec17a330cff68976f04cfd0fb40ce627474c7a12ffb0d4a597beade9a2fc5085d9529dc2c301d4316baaf7cb2361c6c5a47390fef154ff9acb42b385bf3b6e83a5e3216b71ba1b1eee0f83c0673f1987ae36217428986e40ea24c39cb8b1ddc20b1bbd1fe1bd56fea88d12edd2e1880442eb661c67f04ec995a6c477cfda5d2aed450fe88664e5f038381f770db32a3b89a3ece017218f4c3b1f32248e6154639083e832ea60b643e99a649d02eea76737d0d47af01574ff7e032f7c92115338d7ec559584d4a7f5843d505a1c8574942ddc7515c51fb3f27c631c27580cc2987ba065891c6276bac040432af70d56546b7dfab191c23b74522597b23df3a0d16a5113ac5fb49d222645ddf1ce6c9e690e3f3cc890760c15f2b4b20af4626451c1d5cd757d7acb0bc17f3c5a685a668a693819fb9524362498e7c98869e0d42783e7f17d162159bb220f83dee6d551d0214eda30bfb23eb14812cb89116a1c68a40bd4e08926ccd79d3a7faabe51c9cba06a09073539f9b09c27eb71e10bddd9dc92b6bc14659d31ab8b7b446aa39a2598228146c48fa98ea10e280bdef6ac0923fd9749d41201e720ee50a29faab473284c57bb1b22de0011a52b69c0ca6d3f6754872a22852fa7418b12c98798045b185c47355ca9cd5bf4a765684e1cb75387fdc1de92972c90a6bf6801cb44a02858f162429aa232d8ea034000ba525fedabd2f78dea68507c7a69e144c6bfbb32e74c5cbb11de1174bcca4f927c3f859f6ea6b8da64ebaa9fff6600c1c1049c43799a7fc95228d6e0bb45580e1ad733b4aec53ffff5d078c5b6f2afa2257b493485fec4fffea99c1d07c778ecd03bddee79f280f0d7e0d231fd04ea0ab7434e02c1996ccf62976693d31b217d5ca92569123aab40a7b34e880652a13fa8e5609d077d06fed3dd30d6ee2e89e13bd5c9e0b6e08b8ba6fea8759760e56e59ac0bf55f01992160a8fed6caa1845fe04b8dc2f2c7a379d9692f719fbc79606243358638928b3767c7018ab793a8df03d206b4f8dbb193473dd01507f1cf4065ceb91d14e13bc06d23409b6b8fe357ac18dd9c423820731e809333330b5fd3bffdf6ff10096c7ff57c4b0870d89bcf1ddff2b11f929171ed92a8b3ac2eeaaed4bfe71937e0de7a168cf0ff8e3996265abba5e75cfe6bd85716440103ff0165126b9d7eb5cd610c26df5b57ed7ca07c04bed2afdaf93f32e9b7edea3a9ed5edff8fcd16fd9e9d60cd7d2fb5f11e620cd993547b30640be956c417084943528f31ce9c1794b57c393c0c6d5d1df6624d441b341b01e8769c6643ee0bc188c0a43e191a281aff006f795184ae4d8ad3e8e8d4ac8f4c753873a96966930bd5ed3d0635821145b2fda6b1c64bfa839debfa7cba835b47bfbfae3805bbc0f89763bf2cbb10034d93c5e02d6d875e7b59b34058182569bd73ed27d703bbdaaee8560481e1f01d738e6c1a9a6d691a3ee1ea1a95446c04454a5a9392e283b3a17bb39b16a2b5cced2bafc2e15e262c4a7c3b1c2733b4aec36ffe1afc1a3ad6be4435e7b7fd48926cefbcdcd12699f86bcc857fa85597bf3a54e07d01cccf27a13fb5b97c5f9556ff1370ec54c49be5053714c620a57d45fceb85ec13c3aa5fc508bce739451ece017b3c764fad7187d42047d44f703472d1833effe5605a4820a3ab016b21ba728ae78a01e0c38b6023db14a047c0dca870193a8591008afe5e8b931f95ed63dba77bc410572b466102647d36e9275655fef0446de76407eaa9e3fc2420a625585bdbf68763d02ce3598f5144ead66e56fab3cffae86bd34349585973ea6ca0d49d2e4e68a2eb7b7cd7a64d4ad259e192ff89c8491e178ca790e210e4f5cfe351d1b6bc1b5f4059683b18f1238eaba5bb52641e7ec61ae43f57bd858dd446f24f6353c60791fe6fece482c02ed26b78f0cbd536658f871c8d5e6d30723e551d583be248f41c37238f60d7583ac4c4ccafec55074026610fb2dd9273cd88e3442074152777f8ad13888fa6263841dc7896a3b1bdbbbd09beefc0c6301bde7fcfa5181c5122247204de6722db2ffb6c0c41a6e4a91977a3b9b16db0bf14965b1365b0f2b61c18d7af123b8a5f8a4b2d89d067df3c59c14befae443fd0272104b877d04fe94325969205a0eafc79cf60a38c2ddb6b654839d48da616b854d58201bbe8ebe9fa5afe86d484ab4838f484fad2879b89cc6f3cac64aafda1ebac08d2b797f2967771f97917b7aa5e29ead079fba4181e5431fa87e0f241ad1f5de24aee34c8ab7c288d574e28a64f6a51e0f24f0f14c059623ec53c07517b375ed012bb185bb897c67cf1ca02aac4bce1c000609542ad98e0eb1ae315c103e12277a5877d6d32a33e61b59af3df583a3dcc1d37cd1de428cd446d766990157494a4eaeca832ccb61287509717dde2d9af4dac0123fe28f1deacae26ddde8589a3bbfdd7d79e7e12aab8479e3590472c6bfcc2a9d18e01f548e60b4e2cdd266f827eed5cd135f7fb0e676a2e2d1c90ab40c3875fba7601f5228a9558215250e5a8c8103ffc04be8944c14477b53e8493d2dad850d0d2288ceb94d5cd32845b8faae8b70b03ab7b15329677283efe33429d8da0494a52d3009285b5b0a2e33c94e37853a8bcddb3517593c00022e5fdb5777f77450a9a100c7f36d3f0a0bd0e040f78db2175fdcf621bd837ee15cdabb59248e1a4ef4bb86bc7cadc3a7a578c5266dfd4f4b1230d4815a5ce164085fb5c28e672e2b16aa54dce8b11e24bc5605a9aad4ddbf95adce8421e89c13b299afe56322d13ef8c195bc7b5ce2d8ef3a9c54a6c153759ec831d5ae56289a6a8bca4d4d037c1af1667e05835816bb10b62b5b167736a4b29682e99afbfd2e7a865f60400e14b3c9738649cc019f44962bdf1a0000079f782e61b58a3960473c00c5ebc141979df97c7fffbf6643baa798aa3d9e3d9bf96a04593b79e142b28a405e5132021050574569f3b53896e0cafb18116b5c7fbf19b27da1434d4502f246cde718b1294979f238423b405fe5c5ff1b5fbe2ae72600a65dc2ecb5adb615cdffca6d012d2ddadf880c38dc165860099b9602ab58606321961ca648d451e2adb6aaf4215dc4129e9543b273ed9caf5fe66027d4bcb9f1111292b9182e2e5533cc5df737b7a1dad483dc5232e7831f85e7a1cdfe55fd9edb486e9cc94647ffa4a983aa7469a4f35ff3e9a17128eab2ff9e15c50491912af36c2d1d547091f8c506e8ffbb6733f2c1eb80c916cc8413803fc1aa4cf51ce1f9803c7ff8bf9fad7bf9aa9d870f73c459d49596523bee7d981456cef717a06df672ea10e202ad57eddbecfe84f84bfe82272f6ffd452b55bffc7b66cf6c6fe7a251f77ed9f8afed44a83fcb8fe41f5fead80f2ede97cd4a4c27f30785493f683b06fa654085e3619bbbaa981d3eaeae859b3206fb943cd7d0625d3dae9e6e8dec2bf4e71d051b4b56feffa0fd3b3272ba9c6efce5f3ffdfe59b241c412bbb827d66d0ce706366230fdf29c521180e839cf52a67993bb48557b6227f400128f4c201125a78df6f7d06b051b7f3a5c10cd3a5de084435babdef2273031e28003fbfbb09c87ecafc2690ed7cb1cd8d7d7340d593023750550fb8e89d9f8bc0dd6fed7f54e563f1d427fe6bbe4eae97bfdf4235ad929a9cf9c8dabdef8d486b59cce1a3290c8d1e0ce1544cae8401e632dd0ee1dd92593840a9f3ca41e4f7574869d7199e8743c91f41ffc1a3f3a05dff0090983c7c55fd52a59b0ee1edbfe7926b89d30b4d5d5e735dabb1fe4fe04ba01ca9adbd9357eaf8fff2e3d2aa1436155e59e78272af7ec469ecc1c121be253caad661b6bac1ceabb545ebf8fda03353666b6ded6ce7cb74ab7ed5e96f3261e8b000bc783eb82f323fab05c87d1dd20875701978800032fb87d30c0ecf558151487970322bff00044303bd4253e20a72c8522064fd4260000fb4a90a96c7130069a9e63fff521ff20d9c2105c05e13470863e909ddcac284eb334eba4aca02a1933085dafb8763d0d4d72a40ab8e6e49708f8e1095a281dfaf0c1cc6ea2b486d23b1d5905dd3c145e4a53913b987902f31e38d1680d5ecd0c9f5405af51b5bec7d32daece33a58232844584c8904825e6c0e3f74eb2d5d1e31c5d8cfd41ae6f4836049cd49eccbba2829b8fb87940f1e9ee2c3d3180a5f651af43f773d43136a5b7d4cd0174ac47abf90258e00cb3b853e7998c133014f4a380c173809fdda40074b74aa5ac423da8ae7c4e708567e42da1382fd38cd97cc079bfedd82e4f35d1fcf4da818a45872ac23dee83da3966f4ecd5c539e33b4000946c7247cd62dca7668a4778f7f1673b225572d2170a556c3280b1fd723c9eb664e857df48979d172ee56d52fd1c2cc2c0120a4f57db0f3bf145f207cab96dc1b3729ba00d3b940bf3320c20c1f4bb4a279a925c83fcf65b178f704c339fa2018a0100cc2dd9e8abfe74655fb5719b029ead458d33e2a9bc1c299e0e5e4ff18496518d3f0072b332a99fd34cae4936b0f7dcecb5a40590a4824a65953b376e270c82fe6f010c2317205f62774ae3706afe004046713bc4b8831ac0161f9f8c4e25e85e557960c99942651f514c07076fedf84a6cce14b2253a9871b9c9b96c9793f1bcacb4e7de8a5c4c1697acd6d7109cfbc722064310d7b958aeac72aaef64efb08d34f72931241feb5a1648048cfeca3a30c19d91a552f0a3a0ee58526f254fb9fb0589c79abeca752bee0e173f9fa58f0b0d7748e4cfe72d603dd9bc273f64cca9d2f02dbc46b683c48904041e26ecf15281e91cfb34e3ec2139c464fe4fc44a45d9b5bc2d2458edf025e42f31f68f071c7f917dfa1335d59c435094c8918877d2092698f7a34395560965e2b9033c780417935b4a12979df72821441097e147d4b2f7684b0f5500a493bcc5040bd10a8f0278849f39da5fd6bad4098a75fcdbb0df1a1aec71e75cb5d77ddcdb6cff24bb7f19a9560727608524a1c8c39a7ac31e54c47e80df5798348e258e511aa9e69d64565bd572152d4fa50568abe9603b98a2e761aaefc5c859e208cf8ef04cd9229607e823cffef59fbf0001e0452456f962543b5689b7b9081897badeedd20c9ba7997bd55abe99a7c7cfbf0529a8119ccfbc05c577c510256401ef843ccd874569981d2099937a7bbf4fda336de5b3a91fff1cb1884d31dcbb9916fbd296ca72ae6c23191e78b114953f6fbec2773c8705e4e79f15d10b26ab4adc31d73394a7c8c7c657b0dba0d8b676e7eab8c72db51dd1b0813dc7042ba399629794f8e9e1781b76d08b96ac5009e8af6d0db744b8f85c1a7295babd0c4ef9543d26b0bd9a6b72bef93b8819e3e6e6a856e2f75af0f5fe6bc11038317e3df0778e5c539f516c290c54ec1d0ccd20b7068a60e9d0a0b4ccb8d02661cef8afdbc837ce283855213b71e7c255e946414941f984a732ba84c961d10f0bb22fea154511095dd641876e3bca492200be93a2e579e8ef4970d51669be9af4984b67aa67624362954ee68023b6e148732a4ae0975393865d6b1df8757c3939399649ce66c7cbe635a05bcc0f96de098ce89f672aa8fc0e8f3f582ea03784097240a31dc83f3cf215f99b1adc8a16375da5d804d50d1631656c62859a9d69616369ad19452776d89c687da60065bac59c16c89b30f4b1abf61f34d7dd0b33601538a8372c3e85d67d835ae63713a22d250b4b075587088c62ca863adac1906581d08a0991db1aa49d678c7e6fe5ac75a1e2052be36322b43e78b7c1c3284dcc360519926c431bbb7c90042bd36a6cfbe477a20d752c3915dfcd2c4d2ccccbcbf986c2b04d458a19386e084ed7f1f068b9f58cda4c9b5ef4a7c083d45440e135170921724ada0101956da1c1cd508c22642cd7744e93d2dca7fa40a21418fb1b99c5461ebf7113831880d5e9152c55d592dd64cd97511ca33324dbdc25240895e6e454b1b458fc851fff46418804e42da7c14b53473e3a53294e02b1b1e18799a0e244fca49cefa406d5140732c92505b0d74aa56a2d2e8356f783f172088b0c961f60c30456d38df26705c10f50d512e0d7d4bba007050e678c166fba4692081e381296d301295133e7442fc624d8a434222ce993f2f3def2cea16a281486d9355e1b304e0f05f35efac07d73b6d8043ee453b9d6479d83f1f2be9f4bb38f4fa96a8d08ff63cce864565ecc95ffef244eb18e86fe93ce112da7147b9e5d1b869a9fa52425267619f0fffb6b4eb8174d0f027f3cccf430398e1df72945f2237990460e108acda98651b5e2e1bfe38f94abe03ed86ecd25f427114408ce12f8713d301b91ad08d43635886ddceebbfa782c93bc11cec91dd18d71359196ef7f367edd016dfae7589bda9509d4565678f0dfd3fcccd95e0f02de538ed62e860525e1e3fa354d39a7473502af95900821639db941e4e66601abe0fa5fe216fa506320830cc3a41dff13a44f16176696cab9367d92e728f418678cd984cb3e871b66200d22da97c6619233031678eef9b3d3ff77f8582f2162a4c032cd9fdf36497d43eff9f721eddc16dee840361668dd5201863c72f43589b161f5687f585320a61a271358e6b637ad9cd4c63cf0c693d915db492e78e6ee54afe093944a1da0caa37852b0617740312e45fb3e3eef76026ebc169a4c5799f9e8953b955f99ec76fd7ef5689fc29599f4f1d2a6b7a43a0b97a2f424347286a18e6932979c918ff49df6a3898be85be6812f2605307034a117676577159e5b0f3c56d8c86d606ba95f4edd124e03ee1e50f712368bd1b33d969e5a6808c27d080c27b0f0ea481884464ffc5f8b5bd8eb33a07215e05255501c5af77b7bd4ffddfc9c3d3e25d67dd4e56bb0e377eec18f85e307d5f758ec398a7c4cf3e488b61a517d8310708f0ebcd14e03ec769fc7f738e6940bf566cb0843b7baf781b0006de7213440ba3031477998e7d474794d23029f0d85eaf1f28b56f1200618fb07d114906cd4d1128f370aef9b0d63fb58a80c31ccd02463e764b5ee5c5dbbeb07c3a6f1b7b51585b12078d4406f55b75abaa77037abdaba89a1971a57e5e8870b4c3b0845a1199bb8ea934bbdce354ad990bfd9887866b3ae6d1e8388f82608e39713aba32f02add58c3d965ed71e380f8dee3cfa0f8fc6daaebe413053c7cc1018fd65a9201a118d1d74e863fe01cd45f4ee8608935d8bb0eea21847567f0182130a91c23ce881f86574124a6f55d592768358ba53ad1eef96a0addcbf702120341fee7e707e7aab8b51ace6fe3d76559541488e13acf8343bc077026b8c40f15c211a8068d900ae39cb7ee235f4b4b7fd33ba6ae8b4b743353eb3bda7f0a045de2aa9a66771c8608c307204247910e5162be51154c12984ac3322506c91e179f3b85af77568d042de47f01064befbacd601bf6175198c95a525ac3b5329745be2b7a2926936b07a8a107512fa0d541511975fd687fe158d567403a8a16d8d2532a864bf19430eaefb0e4e17aefdd604b85f4cb5fb0bee6472b687b31b095999d4b2c5e89e812ab63be902bc870ca8c6eb976ae801c79e858e107092f480a92376b867339647a5d9f34f2f68463c474e2222aebac28f98f4338967b95760413618e81f6cd017bf872b7711f98ac48a93aa45e67871960ee84bb0548cd18e340ce7adecaf147af233643f4ddab64d4b26cd52854de562267c2d1d547e616490c6e80a1c1c532f0d667003cf6a913bffcc0f8dc45204d54db38d09baf2050d59dc74a68339d89b6011f17c10b3c2160629e17e2ba35bf08572272b77120b90f88249a929a7750681e873d41b6497cbb8d42e94538357ba1734947fdf2a156d94c9b93f2743730b501e6a475e2e95f301a2dcc1a3dc531299f17e77032785be41b285f1477f22d6bcadc03a9fcd9c8064012e0f061fff2db45cb86d9ba9629213f1928fdc5eb039dad9d5b6a9bb19502f51316323f435afa3689197d3c887591f1f3d152f6ab2d8083f7ae9cfa3cae933d9a1804606dad1e825c5f80ea7cd64f5445343df5d2b5c1072d2122e89781d45e6d50f6906f50ee2b514207757c81a01e1258da2abbd2e8e2f53c3085f6d9c5ab13d2bc960a4d6f77c270abd7a0c61a10f0fcd9dc9cf39b551bfd6a0819003be40ce291905720f6aeeaf4122d4cd9b38f765f5a82bc86affeb41e1d2caa32fa14499625f435f8ff0df0ce538ec53ae30356c83d28f0dede947c00ba6df864162ac314b58178ca0cb0f960e50e23437ca42789159740eb673096b8acdbd5bf8fa268f4d11d61d431ddc989de95b815beac7efe12b627cd2484c09316dd74c437a1edc77793e1363cc32ef3f749d447ffccb374feae390d140c342f319f43b0c3b30352a4015db31f4978346ab2d25e65c737fce15582ed867abbcbc81ed533738faf766dff5feed67d5e2dcdc1e02016d1c651a9b11f75135fb8158835c76449195f2bdac1ea2b3550f8f9831a7605b67094209ce141f3b113398ec15a43078f258de965e0d2aa1645c38334f7f120ccbfb60ae70068f3564a3c5f50ea97b9205545b51e3b361beb8be4c19f2385498a90438164f53c5d054db652802c3d05f3b56e14973d4e9f86d01d1954d0a776717d9d0a9cdce52eb0158a28bd524b339bd1518c1e518a7e0c045c6cd71894a6181a2ef859af3496280cb3aad2d18ec60636a74ac51e3a6d6f59e00fe958d7fafa627b2f6ea7c7d00edd64edd47be9861a6c590a9f3b230f00a039b2bc045de6d2a8a2153a9570c32b61dc47169f5ca4e2256063b44148cbe355fb368f566332284f6f997b639ed7dac97a72f88b02c161c38f14a5558afadc5e242d39a362f72dd765bd373a3e8da1bbd8542a9428a84790218a82816b5268a158e32e22c4e5c0f06574e890767d7cfc476ccd65cfe22da33b18ef3d85f4ef4e21475f94a49265fbbb3313c5930f2ed2b328400e8be94918ac5db6d02044d86f90726c8b3ea026d4f8980ee0f116c1e7636d6d2023242b6274a7e251dc47f65d071f86a21695fa69460f6713d14302f0006e1735d5b96cc65af2446e0f7baece892e10b92a623fac9778b9fedd520da88605478942838e34cc2369373ace0d1f7f067f954e1e1060fb2538a99c4ddece116333673dd4044b010d0701ee5a5b251997093455e6b637af737f89c7a70b5e75d251fdf3ece27dec415b2fa212387f5df8ec283f9235f4dcdf45b7ca48d7edfd5aaf54d70db81af830290dda0e1ebee8d3a22bfdf970520e1ba48a013184f83279cac715ca29cc5f77c255f848c71714955ac265bf84de163a544476e38d8a2f1e6dc18a7b029ce679dc6cf41ab23906c852e5d0577e3352dfc16c58889395e0484f42898a803200fc295cc5f6f734e75ecc52fa087f95f44d1584f517dd0b9d0681637c3ab0cf233d783d13684dad01f9029719bb6b023677ab4c4319949ee247baa31d96bf7a9146f10c4d803629e7fa3e5c8c4af4bdcd63f4e9889f0a93cf01231c5ca350b5bf25e831f8df25b918ddeaa1f736aa09bf71c0f51bb0655fc8a1d8ba861d2b5e2e28c17fdd21f20fdde84476049f83c862936679f05253ac0a3f65a648f494db579e1bb8b16fe89393cffa7048f95add1d8232d67513b6bfca69627c908db5006693ace5e734a080e876705178a6517d87f2f82edad42289321583c8ccddaf1e344fb3d0a8c86fc653bd79f6004cfda3ed185770ab4c1890834186290425b8a7ee3281a8cfd6c482ffd70cad3265adc43bd1eca5eb6b48acf20381a705528ae5f152163c1f1a1e7b82cc77696dcc8dea9107088df507118434f4f9e826327953681c411d3b9976aaf78f41ac2930a0a7f5b98dc73b97cf66e4f4fad058bf9191cefe1ae95444b214c2fcf31ab0419b5677b833c9f9f02fa1242a743cdef35f5f330392dda6c8f2d598a89a4a98c5570e2e2d6ebc6f44c2681546e2599329cba1f3603a3ed30e808c54c9921421caae7aff82b9c11d75fd72358ca0b75ee69525f4623247450d47e30be306b81ffbba18b2d48a71e64ec3a79568bd2b22ffa0668e1a3cfdfed5ee3a551c5414e672cefd913e093c8080d071338ccd74f4402d5b386ddaa5f494d6cb32588dd130f56010d44433c54a571ff15a9d9b211a96f1165175c9c99b271c09eb7142e700eafb9a6a87c9f4b296fc768ba4a973f3436e4cb1168ac5b6ec439ac6ee79c0d35e98d093eee43164b840ffd688cc7b610aa6eacdb111e09ebe103da160ed47b214478edaefd1a72e36101c408bcc1f21436defda7c48be653542072f2377954fdbb7224300bbd85343241474c286ebcfbfd22128d1b9c27656dc171a52d67739552f4aa8fa3cc7c07f474710f4c4fceee7315724a42a2101914f2bc7158e9165ec67f96febeead0c2d1228ded47438684f6aa17db03acf26344337ee2b0dfc603c7c6387ef0d21949b8319183bf27fd53f834a03c512a3d792deb739298f5f92eb372975fbe0e74edc92ce692fd677059489f0ba6b2c13862716b5a3cd567bffdeb11d17bc525fa6f1f31b1697774eb66cfe13df4c2c022a77ac8e9b113a16caf264131f605cd511b7eb89447ec3b71feafd1744d472af294f29a3c99f11cc70fda5cbf9bdf60791726a77011052e92b86d04c23ce233d9e6b61b4d3486c3a530d0aa762be555d8e5162a78daf6394dc9f0fe0e7455f037bf201d365e63d8d1efb339abcf7c6665c20d7a262a6fd56b4d7fbdbd0ea29bc760ee303ede003bae15745ff8a7a546432bfc846ea08899dbafc1fac6d86db202b66b9b8e922a5280b385f4884c7b918d451429801dd275e789507406f13062f704fe31b330bc7f3bccce1bbbb5f16ebce170708b14fa79914b2e03620a49c0dfc106e6aee830d31ecef58775cd77a0402ea499cbcf50092d998196a85343ff35746b0f00e8fcb20b89f78fb4aff1a91e0916505a5af9572ddc0f432b8abbd1931a0afc8911be4396c30db28092cf2768bd9ea16e0ea111793e097a971bd002ea78d8d274758faf67b260944a9d0649bc112959bd1aa1f71c5d2cd054de0e7fd53692988faa283c369b5f66075d02a71e21d5952ef1209f84245c8e49b79ab96a5ff6a2b62bbc94900f7ebaae87e300c39d6878315c7ae82a3cc85ffb98c4a98752146743a13b15d7b677cdf8fa3c30c234351d16a604dcc51a203729a091fe0ac045cfb36a06bea20fdbcb6c3e77437043134a961372ebfba83f6b881374d78133a49d262a81067d7a8b6f2b980ce4bc9561210a78b02f94472cd16974ddb39a90b4d673ea3366f3ab8ce7f375ad6ea7b0ef2fead2d6cb40ba836d21df9b0b4442650200e7507d6bae01363f25d6e889929616eef3f3979f14ae15357fd69dcb8eb566f95bcf5a9abe696dd3fbf5b3fa9e654dfb932f1bd6648ecae4941f6552346ea5c57c06d1a24c77a160b1151b38e672946e4961d303a05dea8d2aa316b8ce944c67999afdbe5b28c45bc90b678ddb61226cd730c19604e225a7bb97744adccb67d6185fa873753bbcdd95d94c696fe05b2388deeb7a3d1930fe341c484757bb5c61e92e06650ca0aca74bd49b7064859eddaac5b22536360266cc2d84f0ed45cb22bef49f4e9fb1e4a0c932540a01b14942cd09b62909c6aec26d7a8f1e6519556640d6d3867dfcf0c54d33b229b8bccdef7d62a23104d79461c4a627be5134675294c5d1fd92eb9e69abf2c040547ab27ac533eab150c8729d11f5c088c113a23f0c31d73f98c18f8845329a60976cdc851e1112df924fd75194712f5803f624d0e4b8182ccda301ef11c2579cea08a82968aeddfb45d0d4e9d727a1778ba4dcae1b006aaeef610b2de5058252f5d2d7feadd88795e138c90d57599bf2fc7bb2464b4157c8ebbecbf8bc616012ed664bada46cdf821c71ed7a99b6d8c94a5153057a8635f0bbf2eea35685afdf9dd77c72f4c52a208dfaaed37a67293bb4a45f21711157149056a8835fa4f3c64909f4a29f510257ed65a5d1c41bc71ba43d497fa0f1a262f5791b4abdf15cc805c4c9d80954420e770f24e86f74a8a389f8060e39d890c10a51545b5626e2ff429633a74ff7ceb31318cc0e94f92667ad77c678ad7225658ea4d1a23478595233ea2a0cab2962cc5b5c54ea8657788731ad0e1c2ab2036ac2151b79fe94d31b5c5d5e8c3e66eaf95618a27484bda9fe3888c85e9698e5a55e5a2d6748676bab295e04c07fced44337d69722a05a11cf35bbb1263f4652724bf9b35c16e55684195e3666bed896c64c21079c88423a9cd23d4bcd55f5bb388f4bcc2eb31673e7fe157865e00539fd339b2e9754effe73beae2e6052c29a664de5109fc06d1625d32be4e7a381de8eef15062814f8426d0e54b6aeff437287a349a070c7f39262cedcdf3d1c47af65e4819f61ec962a8e01eb60a68cfead200bf71fccb6a17c53170b5e37f802c6662106ccd38e5e04837b728a0a3f4d8101a5f3a90f4387fa8af1aad2b134b299321aa86505f742b106dec862a4f5ce47dd7fa7d1f691a12fc9af3eefaceea7ba0325a90623a45934493119f0a23a6c46657e2cc69270303f6c8b08e835c088f044a1edb46b587e3a0aa3bda7246e94c3531e90e0d4bb73d65f79b17620b069e1efca56d7a6109a8052cc1c8ccb65ee1fabfd3d6f35d5674e3590487b2df076dd77a78891423b85b1846b793efd2a1db4d3dc083b9bf68c62a3bc6d8eb893a10ffa62530f47ba021be3257cfd233a784b22da7efaff66da1682ded882f89cfe032aa4fecee83fd2230d78ea817d5ac82270397351c1e270984aaabb5c2bc64e7e1878861bf6d53347f0bc223e2a6bb91634a3e3cc05b6e233c8cc99ac1d460652c7ab35b4a87757c37656a9069bda95ceabf0a6753daf137afa4682e96b8f27c9da6c669f05707fad820c57b6ed2b7dfa3032b56f9cae68d6726e4c719237332d202876a728dee5fec2b9e4777f223eab61a74dd188a023c7dc88955f7c30b7d192786563b3b67be6623130ceaa4f83d3636e7776ba3f3d90b43a460e78838d832f438c66caa18494f817ecd453cffac5c9d01bc0b99ad22d9df0a290fc069e5b54f1b08e410afe28f40abd78bc75101a6198fbc741c4888d3cbc889e20266a497a34cf46240e862625219f87fee4174e33844e1274df0f404b9e042b240889c90de5c61637ed486394ab910b9ece6da52d64c5ff5e75c9e47d11fbb6bec03306ae2d31b3aaf9e026f4a3eda42f1c32b83464f7bcf542288e589302fc0f78bd65a9d66911b8f1b33d4d55888d15ee3f4ad11e4cb9c6186c019ee6c912aa84c114d226e2b7ecf3a7f72a3febd797cccd2453a11e5783f8a7c0b8baefe88014ef496d2003c2a776045a81260fa179f149d0565ca5f455213e2fe58bbc01fde9f99be4bbeecf59c4b1e3d703e459db5ae60b4d8cf5d5085c7eb2d328ca996d6ecbfed8462221dbe599b56de31c3e06c7b8118be078401dd157c7fadd74560cf398aa3fa4e541e53f1a6cf4cb67d69082b7271ea1ddb8a7ff3b38d7fa9cb9cf6958af60811a3b69fea97d227f842ce5797e363bb5199a8f8a90b81f42f72d036ee8c9f99680edd53c5d2f0cbf836a00792ffc3687d7841054e789b8cd63200fbf800bff5071a8c2f51c3782f4851efefa73bad9dcd3baec31d4136e4c345d6603be6ecc967bebb3dd91516330de89f60024c2f473df5ebcf8c4d91ea6f5cfd9d6ce47571eb1356be93d582e65d781a10b82d122bac362f313d0733bff1cc4d5595de0ac6fcde3cdfa7f02ccde08f3ab9d3730d519f0fe84328289055bba49a8cc1d7713e51df97a5bc4d1e2c06b09e59554184b50f3eab04e15745787ac6a55382963a780683fa5f03853df092de6aa95f1f88fdc3b88ae9de78491de298fc87b73ae914ac5145b90723df9bada12523917d9b4c1fa07de97c5f7a85ad2261f83b9d89757f399b1ef37bf9442edc0b521c76dab92f1f3c3abeb4ec2c4e8808bed4b238dae2207b8cef9c025eb003388f4bfa8f80b383ed4880d0cdaffb8953a43661f3ea54e4e31b3c7f4dc7c59e45e35338c78f5072f3aabe7684a147a11e964ae24456533ea6c19280ab33c9975e83a8e2443382febbd50efb9851920d68e5416e765c32171c7543349a482c7227aad7f1d2b1f54db29fc0873b5daf8ad0ea8e8b164d154da2252400003ece55f177cc7034859e60afc47300374ed5820a7442ac698a6e305a71a6e000bd5f83040b9f956617007d856a52f2cc01cbc100fcadb8d273c90a83856a962e4acd9f894b1b7bea74f071447531510c8ff0f1ad5c1d35f6dfd9066fa78685fe99eb194d549b40f76cc9583c08f6e9899d7488fc779916029238afb0b8f45ce88aae82026a3a9aaae8c539cc7df8b22c6195e891c3b4375304468a08e8f90b53881e29100b00aaef08090701b81cdc8fb1850927e0273d3471ed4be38ceeca44b8fd343f13b81bf1b6186b06d86a1587b49785c259c9fcf0353575ebd46af4c376c97b06fa57c8598246184419067ab92efd982873f4fe2ce7ce85b35edad45ce7c47528f28df90eecb450c4e9cebe86e254fa402de5c8adff837952695b176d6894ecf8195ec29c4588a1b56cb65cb46de6887956c6d658fd072dc88eba2868b0125bb67a7240307f0ada0d800fc8682634e1d8b56864fdf5301ad716fa92c01a61091edc1ab4823b2bcb4bd92b4f8d81f2599067af9d0806a6f1dde7ceb349b83adc4ca1dcb18b97fb7f206c493e2d3c11d85de9318968d3e6ec4ce3063caac45ddbc7f393e47f99cc540a1f348df7a2394c12be53bd490030c16cf4d3be69853f8af0aad3596e47e24e9fabeece878b87ef437a0005c7666f82d22f73979bc5beff3854c7172ed9d446d046b1f01934c7ee58a8c48dbe1d1ccf05dcd18933a8b6ee58ac82612ee9f8854acdb691bfdfdef00f2c4e9c2aba76e9448be13936bf276fbd84aa9d80773ea12d9d81fce282360185dab64288c1e0dc75e8b712b86da53b9ca43ed8bc9dfecc5bb83d876e56158e3405e90ed328ab73060a41fdcb97ba90825f37dc6a6c2bab5e7fd2ed062a84a175969d65b001efcbb93dc0745ba0badd2d39e4c01bac377b44009e8d6335eeb4e32f7d2038c6d23d4c163d2e4400c95dea8a72b586bfe84c2817becd98d733bd436f95e55b8a549daf7a9f6b078774ea48b26de5565ff97defe1cea22345ae340528ebbc14aaf79d8df785cea7a58cc084354bb9c4f05cbf9e083b9b618b0816fec0108b10c108ea9ce4ca8748ca34a9bc94343b25885c6bd4847b8bd67a1e153a318648c67d29416d27b4ab9330d9d68502488750dd1028b63ee2e0698d9caed238fc10ac7e2a89bad191877b05becde32245c600bb03a2ad65938a4e1c33f09f9aba255a79249d0243a8fa45e87004254f7c381c2521b8d76d017cc6ac5b99353138f4905c3596dc60900cb9827f2aef715d31297a6f01eb86da6c7445c67e468b3dfce3360770ff1b2b7b1dd9183e2395b0b06c9dc7906e15af476214eb5d1587d62279b8e1260f33bcbe51b18542804f2f3018673a3ca4cf411e159b553b16ed23cb7008a257a5b94d85e49a507d4885d0dfcda6850beab4ea45b3501f08c5e3a9369b440575db6697cfca4c29dcc696ae168f179e59439993486066339a9c97566259cd7d4108dadeaafc398f59595faff938b6aa6dd276dfe2406b91a1835136c5259f85f8636753e6f842bc3379db0e4ae3288ed09b55cfe24c7dd565fd14552a74ec2081ac876a770783472b4eb58b448846f905a5b7236162a6ee6f49b7a93e3f88345b53f15f68babd88e55a713f77efaa3554910a8865126f2e3e90319bd19e9985d63fda72dcbfb2c60954a75fbe8f1760f4aa619e0fd894f7fb3f2a178a3dfc771effa702325cf08294a3255e2b00a52b8195453ec57511760f69366c80ee82ff94185d441df07745fb7e3cd82e37db509c6bc604ba6dcb3c767e66409ed16d0c12f37529e3abde34079506890318317ac5d0033da49a2af53774f5bbe7661864f5a07912ab16f187d5c0ca422368e9b9465ecbfb8fabb216911f2757fded00ebf444ad7faf3b9b6ceaae67583c8cff699fc257ba7b074d3c771eab2d77dfca2f477a74c29e4b34a8e25816e6d64e4ee9c743e10bcb447fb5c7572117bb84c24ba908eb0bd1d2c2ab6827309d74be2f2acf85d90e78f84f96e74d9c045f34b364807fd242231e4574b2d1c035d7ecedae5594abcc78aeff2d0fb9969d7ae0c3ddd2bfbad5f2d87723c06dc4aa75cd77ecd0c57ab9cb95edd86579a8f5029b537a6e3739bf7356676e462aac301193949b1c256f5b2f012b4e6cd9ffa7bbf86ff4c095aa4e5ec9651954777fd2a7254bd08c9ab071028c27f38258fd4ca276837a9a825a67612abd4a499fbf68e95af0de3b5038c518741af2562ccedd18146d8a64adbf65bb85b7fef180a989450fe615262a389bfc5eb0f1061ef9c4fb4274ac0729f331b8ed415f8140ad5ccf30263f2c728d3f223af8a71aee7fe8a05822757af2049b1f0108597b4319c2e4d59fb9d23c5b774cb4bee756512c48da78871eb698db0f533346559d4928402aa28fa8a9b26f757d9693eb261dfcef19d9c3d53cf2a25adbb12b8f898750f7ba0a4d155112aa3f795196cd0616522e58153ce40a6aa94c3139896f5040206ca74a9bf89ad69c244ff578be5835ddfb226aa75fca06c3e991b22f695dd375dc51555446da3d362c6e772ba25ef38320e20402dd7dd258b41149ff32a3ab2f16d76c168a1b246193855ac25779c993f20a7689eb4ee57bf7f325d2b0f4323bf87bd0645b075deeb7378c7ac361f365f84fcc5cb10faa9b11aacc77a9b99506a5b79239d4f6d279d9d92a2768d4c93842aa08b90c87ca818269c4780ca6c9b34a8bca239a31e149a1a935e53f63ffc8a21a023b833beafca7dc2edd54adb98bd67818672978ec71927e45bb32d96d8345cda97e427fa3227590dc1da5e3f5130e821b4f410f7e0b40bda5b1b1a26f204d5257933aa026db3bcc27c2727fb2c19cc31e4bd6ee7d39eb376b5537176bbb6878ccd5886eae88ce7914b82742595633c03c913e8547362522adad25f0137d01563cc2bfab7f4613e777f0855c0b0eafe4759125a93fcba359e3c38399b4f590f2c1a7c5c2356a9d4e5d362ab82acc16d5390b52eb03ebd4d084416873de7df3036fdc528a29cbdf6dd98e658d04cd4b4e318b0bc1e4eae8adb25be7205e83513f5149dd51312e371b7073a7dc0604760594417e2b17382d0e432b1bc2f2dd0cd38777299debd65b8326b99ad1cd6058b36aa5a4b67f8cd0bb08f4a8239e121f31aff596e27a02e88e69a80b7e2662b8ae8adf24a5b2db0265f94b24ab77a48b01efdeac8ff68640cf13b05464600714620bdc3e8c678377cd52b3fcd8dff41f33a255631225ca4fa78e7901eae555e00c4986319a8ba33146c12ca2e73419d5653fbb5e2007cd41bf5efede569bb08e897cb406b5835a6beed9ef5b0a9efc9f02a6e721fed5b80fe95159971f3a1b61cceb79a676d3a8bf526558dd999e85323a6adb764357de3abdb14db600c0335b9bf4126a08c1747b0ce2f9729fc34e7507de8d7518955a489270d72983ec4fe8ed85af613531ddb718a652063531e9e1116c05a334a3ee6df2a745aeb9f5e9c92dab35f69b260f263a204c2912a815e9b72f5687a114978c2f7ababa565931884424730de33da695aa19c11a10152332815ea249283d29d8982ac6f36dbec39f541ae26b141ed4c459476dd2abb357d52fafc8a99871b1c56352b5b64ae4251324c2edee88a1086d6e4cf8edfeb6a55cb24568268a64608ed9a950b7543aa189acf1a28a404ffeacc02039d62c27838dc57d2c0aac30d9890dea9841f8b6bf809efdb9a8d358b403641091901425429f0ec45369fd32a30fc05c20b2f815d57a169b7335b981665181ca66f8f36c259d9c8939329da0ed3e0325eb30c396b38e980896a9a8334235af3bcd94664fd2c98015ec7b0fb22e499da671a8e4b53613cce7e444a6ad92b421a4124b75620687d9612858175cbc56b5c5d59fecf77df32d3b19d30d4a2ff9bb2b4c7f9597cdbd73b5a240aec06a4fe12dfea81811bf4090e3657b12f7b950a506c36e4b7fd294f01d2cb3aefe8eebfa06a2248b37e34f4c4ca1bfbc2f888a0da6f2cdff35f8ac7a8443f9f9b233c47843203f4abeff8dc4cfff3fc2c1d30b38500102df5398f55af969935c18b1554051a37b9344b9dcd53c501ece4b2b86b06e497b230748760882738af01f3b129f83e0be3be9e682875c7a217abe912668ce08abb8f4dbf5ac66ea1d6bff998bba43093b6d593772933a27109bb55af5b81085c1c183ee64ee692cdfbce3e15530e67ee588296f6bcb29dec8d74b9e53c4bfbc422a42dc0c4b22685db82cbae197ca2416382b7cf8919465f86e9c812fded6a93392678f21656d8acbe0c1e9f1da615362a930611e0ec31400c859371b832dd6349117e7ca2c727ab2ebf88f078236d14703f7cbb25d8a2fb2d6388370fbff0171162b92a4f188341ca22a6ae9b4403a9841c604e9394356c7b7254a71ccb20ed4a70c7e5307143c9d5cd9f058993fb3d7ac6d96e977f7df11fc612d4166b6cd0f118f1de95f7de695067417315b3181309176b467d041c08d8f0a4b6053a3b56f49778e8788fdb54dc100466d0484f5f30fb32f1cfb6940f14eaf318bb8fd041cdad794e28b1dc1121e0d73059e5cdc955785b50ff488b64eefa857ee34ddfc9e9ea030a2f548355f3875b2a3db5aacb5e1c39768f071ca884494cd6a5e1b80826104e342e9ea7269d47da850fad8a58235b1091eeba160bfd68448d217170b060eb566583c4ade483a5660493cb7de15ea1ab210eca65471016f1def3d75cc7c0ce2bfeefc692a2d69b8b6ce2a4604744d9e70cb9183fa5cedc74da7b2df452ee4c7a2683d97141c8d333a7d1f1d75c69d021a40dc6ab40c2c7eaf396c89eddbb19a5fe21e616bdfd37623b90508eb173b14ffd9ca5af31310b8e3b05bc53308bffab2c36d0110d093ab2318c60cf5291854f9e8e5ac25112b09d2851fb013364bd754c1c9991af2e340f14307f52551c849782b59dbf1e18d31b164c2bae2b57d58f1323b0d6a088b7d9cca6f598be9b6a752d189f5225bd95649816e03eaa8b52f13883ea8d194524f6250e6f7d387370a322db85d8418686c3bf96b2f7878f4078b582f48a7681568ab78ec709f1f9a2568c6279c857f92c27092685426f55be19d0ce2af0e57e60c8b34d0fc9fb7bf7d3e352d2a4bb858000ff866c25a174455cc59f1c6ad7edd3d4e3f9229255dff6f11bc6f6a2510d1bc247189cb44a6b6269bd1873901ceda02779172e84f063063ac01981585cd0633bd769afe351f2a4e106952c24e4ac5689918d7e0ab126be2d40fc58358ef1e351f8d1483520201afec081d0e32399404c6132570efcb08ed598eb4c5df9b505d49f1686e30fbee6c69a49792a19bc62216e1d66110d450e24214ed7649f38ec7310eafc5fdaed48b1df666236498163c0c34dda77e648ba35d672d1e57b4534f8f1ef0640e67f656ea632b04b6661859951d8f7164db83b0330b26a08e7e6512f8d1542e4c677ca3596e6d47a535f0e9321ef350f60816128b8711451acaf095bb1fa1af3286cd565bfc4b140f8ecf4f6d27f535fb3f66cd9b3d29b37787381ab226fb00b6e266789958f033191e3581ae01083f844a7c7dfff6bf3210e4a6ad396d40f9a29887ff1eff8b52938045b2b1c81f76f27a6114813a771c0c0e7b497ff19e8c1cd21acbe928d5d7051286bb2df94f7fa6260ceb96c211e18af6b815a0b3b0ac1afbde3bd69eeaeccb3f93f5bf21fa031729a5eb83cc78340cbfd4206a27b3c3b08576e556b7275eecad5d5f0d5026c9b09e982a09d7f3db310550a0f0c5e1b5690771312141397385d81b8613ba99b556c2b68eb8fcc4f1bd7904b31839b392556dfffbbe0b8cb47bde39eceb16a92a1c19a6719bc768efd22f1896edee09e052ac6359b82fdbc355bd9a160234c343683b1d8957a28fa8e5d1e5e2ef845a7e261a5deb3ab88516d9429f984e6d667a9bd316c2fc65d0fe2c1e8a3c046317a96b07cc7a10eecb8ffe46b511d23f9718a73d9f0928977a651787ca3a6f22de3cdc3d558ddf5e9844bdd225d49ed5341dc1e3ba2b5733d887e7c8bbfce69efaf09772aa0f8fb83358c5799b6c0642243e082d81fb1ead2af95121d540f6a025d95fb1bb75f805ba029203a360a71797618d0bf536167df9c640d99acc954fc8d5602d7b371bf8dc8d85f7f05f89117fcd9242b195f72cdae020f6e872f87347600003e74bdd6dbe7d85497dd8f6b93e5c0d65c927d0672ec6a253bfb8947ed0b0dc641f5ca00841758d2002384e2eed4ad6fd19ee903e8c6204a0ae60e99d8726c623cc1bef66e77c601d8818b5de982bd283918eeeb067ec9b9d4a5f67f3e9cad8d02eb0b72e2183c69015e232f4d17ea1872a6f62a7bd9af9c8520c1855022d5f7678920f5143bb5a6592d36b2bc24cc584aacf042e4d81a93e4ef80b0db37fb8178a65a21ec3f6c02f7e14b96a5e49f6263b6ba144414fe7470c5279067b9cfdc5572d8b4dcd32314007578ae8c52b9c095702af024624e18296c1b22db3bece8043bd1afb475d800f84a0019461ddc3303c0872b589364344f15955705548746a3ed144491f876ec700030fdc5c376d6c786b07714a3e2d1917ce048423f607b6603d481ff15296ed80b7e8611a4c793bdcf48812fc7dc7bd504e1a1b3f5cf374fbb018094c3e94fbb12271b8957e2aea961f0561f979cd0863fe6c8dccef0e2ceed71ab2fda86927ec97d61357ba0ad4aaf70835cc835fd1f4c7438f2515d328275f2a156959567f4f8ef86c581356e92f29f6d99025b0f4c159f81a30970a8baea2e9423e1a6c98a28b5af392631e3bc81b93830ab0b41a703750edd7d54afe6ec45a55f69fa68f19acecefa0ceda4914578d56958672f33adcd59757e401145033e71db7f6a48f12fa9390c59cb1c2bff226cf784cdbbe32a09622cd07c69407ef6ba3d54cc5d464db98bb76386300adfceb056fe019693f74429e446101dd37d3e03c0854fe079ff9df2502207096e7c41d1e243f105180ef4fcc3624ddc9ccfed2d476b79f3c7a05ea0b8df5341e2af8f73c4cde3847a511772b8c8e44d15663c26e83371830dc9f52bfb7ab05b5690328b6628d8c7818767cadd566f6475a8faf9749c8f699b1814cec1cb01c2c37e1bf27e912935d3a5e2f3a0eb937b05e2f965f5b524b14c7f921b9d907461d62e535394dcaa74f1b0aecad03109a3ce13edb2eb22f6e0678d69cf64040414ac0b258cada7c288a40773c1f55938b81230c86e93b6744fb1f6794cfc5f47ac65a980307b38a4005771a182fac24d9fb25239285963fc4131c5d3b16188dcf26fa43ca0b55b477fdbd72d75d7b39f86587db2a78f69ef134d4bbbb2530d70574bdf6e45b037a40a101978dbd9e371b14bb8b628a01aa49b157440eb22905c3e321976a6a1d4a5a2f6f655cc5d9feee97bec9f92520742b90799ffd325991a9908988987bf4638834e09c12cfc1011fd42f8324610cbb3609e12e7c7f72b0b3f91e6406f147f70c2b718be723682bd5fa5ec2921137b0219af136aa5394672d715c75f7193d562b588b0ee2fcaf46a018548edd3d4ecfadb66c9b7fd3f07f1994b95ae5fe6a628e42c9893da87df35122f2acca6119016c085224e6c2e775cf68dd89b271aa5998c5271831be0861d4a2aaf0f878a4f0186ded8df85efe4db6eda85e83aef05db984165e16c54ac606bbe76f989107e73132bb5c2b06160cfbc2acaa3a876e95355429a2909eaa81af84b72a178f263a18128f44a208b4ac3ff1b277b6e94d1f2a141eb5845804d9e74f4abb7e5db47f97663506099ce10b43912932288c8fb4775152fb2cd37ae9a30cbae9cc3aded337b718de43238fb7c2365b142bc11185feedb3c01601ad2ab3ff8369afe43d7bf403580de8bfbf26e57e27f1931594c30f5a35b74d3590172a943cdc1bd234e227ea2f749c13954a1e6ff869151c409f2799fc1017695fb74cbb0ba40eab7e3aab6eea10696c929904961b30701e8d9d28113e409020c7d19fed4751fcfef004ee53272dd0f258441f9a4235d14000000000000000000000000000000000000000000000000000000000000000000000, 8999, 10002, 8000, 12, 'true');
INSERT INTO `item` (`ItemID`, `ItemCat`, `ItemName`, `ItemDesc`, `ItemImg`, `SalePrice`, `SupplierID`, `SupplierPrice`, `WarrantyMonth`, `AllowDelivery`) VALUES
(10019, 'Kitchen', 'MIELE Dishwashers G5000CSC', 'Comfort basket design for perfect cleaning of Asia', 0x524946465413000057454250565038580a00000020000000510300510300494343500c0200000000020c6c636d73021000006d6e74725247422058595a2007dc00010019000300290039616373704150504c0000000000000000000000000000000000000000000000000000f6d6000100000000d32d6c636d7300000000000000000000000000000000000000000000000000000000000000000000000000000000000000000000000a64657363000000fc0000005e637072740000015c0000000b777470740000016800000014626b70740000017c000000147258595a00000190000000146758595a000001a4000000146258595a000001b80000001472545243000001cc0000004067545243000001cc0000004062545243000001cc0000004064657363000000000000000363320000000000000000000000000000000000000000000000000000000000000000000000000000000000000000000000000000000000000000000000000000000000000000000000000000000000000000000074657874000000004642000058595a20000000000000f6d6000100000000d32d58595a20000000000000031600000333000002a458595a200000000000006fa2000038f50000039058595a2000000000000062990000b785000018da58595a2000000000000024a000000f840000b6cf63757276000000000000001a000000cb01c903630592086b0bf6103f15511b3421f1299032183b92460551775ded6b707a0589b19a7cac69bf7dd3c3e930ffff565038202211000070ef009d012a520352033ea14aa14e2623a3a3205368c0c01409696ee174813e60b40bc405063185ecf000e520f501cf2de8037803d003f503d323d8bbf71bf677da735755a7f7f2f95f1afc09e004f57a35712da6b6699e553eb806f68a774de56e67a0232f5361402dcadccf40465ea6c2805b95b99e808cbd4d8500b72b733d01197a9b0a016e56e67a0232f5361402dcadccf40465ea6c2805b95b99e808cbd4d8500b72b733cde303dd1b91b82cdd90fbe6d1bb21f7c170c74d1bb21f7cda37643ef9b46ec87df368dd90f685e489ce7a92805b95b99e808cc864ee9867cddceecf97b0c2c8f935ffe078de41904e29b0a016e56e679fc60a8726edb379099f28928e94a4b6a1c8fb3d7bc61cf9b46ec87df30cd88b7d9619ba34dfcda37643ef9b46ec6982f5bb58147049a1c2c3d2b644b005b95b99e808ca738492ebc401b4720a6cbe5e9b46e8d37f086e11a009c1838bef75e7d2057b563309c5361402dcadccf406b6915ea609644d2805ff0c3e8df7cda1c7dcbef2c9af281663315919a4c58cd8500b72b733d011a84581739c8294d8767cbc20798b88cb8627652232e6f52843806ba653988cff841ea6888d06991197a9b0a016e56e681ec4f355fd847267c2f93a6c74305e2ff61be26ccf773be2dd04df86bb8b4814f073ca5974037be6be776a00f001c2bdabaf4b60dc3181aab3e7a0ed8d533a407d81ac3df2b02cee53ff0119367650ee5357cab20a016e56e67a0232f91d19290aa5133337050a772ab3e82d38756d96ccd3f79df37bd0c99068a3369195a3a363a3b77ffd30d864133e2625730c89000ae4c5034b83f9f04337f533680049568dd9960e6ca072e91197a9b0a016e56e6523c5894f7bed1346ec87df364ab057ab82573ec0dbf6a7a91ed13189aacd8f8b2ba5fe6bce9c2fc39863d642eb664769b0dd61d77a0fb87a3baa0016ded29362f9f9300489ee935f366d5afc801bcde56e67a0232f51703fc1936e6ec87da20cdd90fb4418eb21f8b51a6f4418eb21f7cc337643ed1063ac8350f98d805b7825802dcadccf4046a0a774de56e679fd28567c2479404ad588ef3cd14ee9bcadccf4046a0a774de56e67a1ab6c1d2f7a0c432c673a08465ea6c2805b95b9b69e808cbd4d8500b72b733d953d4b72f4f40465ea6c2805b92b24d015d3795b99e808cbd4d8500b41829ec465ea6c2805b95b9954a516e4fadccf40465ea6c2805b95bad04232f5361402dcadc97e673918def24cc997a9b0a016e56e682507a0232f5361402dc9591197a9b0ad5105b04971e281e6cb18004db95b99e808cbd4d83e756f2b733d01197ade4d1bc83d4d1bc8099b0a016e56e67a02322c88cbd4d8500b72b733d01197a9b0fb09399e808cbd4d84fec36465ea6c2805b95b99e808cbd4d87d849ccf40465ea6c27f62e766c04353795b99e808cbd4d8500c0172b733d01197a9b09d2c378856a882d8152aa94d8500b72b732c927d65ea6c2805b95b99e7045a31bde70e2773d26ee989d26ee989d26d2600ea6c2805b95b99e80702714d856a882d82dda32c2805b95b489c14ac2e9bcadccf40465e7a6340465ea6c280b92157f7a16379072f302e61402dcadccf40465c8be3020232f6913d01197a9b0a016e766808cbd4d8500b72b6797e054dec9da6fccfa016e56e67a0232f533e1327c00232f5361402dcada2634087705de1053f2667a15b95b93520028a774de56e67a0232f3d33e22b72b733d953d4d1ccb6416c9d7f7a12c4e67a0232f5361402381ed68a774de56e67a0232f536140487ffd01197a9b0a016dc3ca0e27a0232f5361402dcadccf404978a774de56e67a0232e46755a37907a9044060b667a0232f533defd025802dcadccf40464591197a9b0ad5105b05de105b05de105aec740e2733d01197a9b09d2c82805b95b99e808cbd4d86129b0a80071399e808cbd4d84e9475fc4e4ea6f2b733d01197a9b0a024e630b72b733d01197a8c1456b258bf081b77f56d234c6923f840df420808cbd4d8500b72b689bd43f7de858de41ea68de41ea68de41ea688bd3d01197a9b0a016e4acc108cbd4d8500b72b733d01197a9e6853795b99e808cbd4ce83ad00b72b733d01197a9b0a016e4c077011a0232f5361402dcab93d2905bdc5361402dcadccf40465ea6c1fe126d2805b95b99e808cbcf4f0c3e10d33c94de56d234c61962ff6cb06a2d6902ba6f2b733d011971c14b1b398ad5105b05de105b05de105b05de0ae5f200574de56e67a0232f3bbeebd2ac699f368dd90fbe6d1bb21f7cda37643ef9b46ec8a255015c166ec87df368dd8bed136c666131399e808cbd4d85008acced5d9b1cf4da8fc578251dea68ed13749bba644bcea9a7db453ba6f2b733d0114c06f3795b99e808cbd4d8500b72af7724ab402dcadccf40465e7a67c456e56e67a0232f535e208b99dd6d981853795b99e808cbd4cda6d62fe78b54bb21ed0cb423d782e18e9a3667d594640b573fe44284ecf8b5023d7064ac532b28c816ae7fcf91f7cda37643ef9866d2c083a0fc88ae174c1c1c5b99e808cbd4d8500bc83ba24a500b72b733f5dcadccf40465ea6c2805b95b99e808cbd4d8500b72b733d01197a9b0a016e56e67a0232f5361402dcadccf40465ea6c2805b95b99e808cbd4d8500b72b733d01197a9b0a016e56e67a0232f5361402dcadcced000feff4700000000000000000000143b90774f7d9d68db42cf462dbc680d230660f634fe9d7955e494bb93dd99086bd2a000ebf0dfb6dd6efacd87fd56cc0d4a7fbf00f03df4f82b1301eec6e236005abe2224fa717a045d765c927cbf865493d4068d8d6b1eb984d953bce8a48a40be38ab9fd290fa7069d432b3435f9bb992cb3b16912f6a7330a36ac90b8a5b9dc20d0413b8f22665ac62fb6907248d42cf911102808a08294ab419705ae5fe9e1167230abe1c06db75fea8cfdb2227df49c5c3af3644c80847c51f1bbc100d603e32f8f166fb3ad94ea3e800099ba86349a69ece3dd0bc7736bae74d6612e3e68c0a14992ebe4ee1bdb8d789a1c74b8c96e83773827815341dfd7f07dfadec246ad367e2e80adc360ac2b6790b644d96de991d59c1e2249bd1ec28c814a258e002558c817a82c708ba508229eb8599faab4ee9c451a1e7d296c34400206babb63da059116fac60e491ed184c1c5dea4a85c85f9fc83a82c627b8f7b3f411d3158ab69d0cd058b4ba3b9b2f5e99836d50a2bf071283070cb82d335cfff2afd510866bc42efee169a29ea2b24f098733105c0c1f465fb1b03e6de12535000b0580be1df5b7b47416a09c4013c1ce49801d418b3810fd9fa4a3cbb7379656bd05e8683db2dd986d3998ad1f4b877cda1dba5a4067f75f8f3158e6ee7ffd4292fe8e89f18a3bd771ee3f5c1552cc2f6c8d884f087eda61daf53e28167e4a03db6bf7a2d5528aaf8359bc6263a811b089b4fb8ded1000b8e5659bd7d1b8542ee9481cff45f442f31a46b9129cbd27126549011a7f2fb122e6827a5006da759d4b01a5e233aa31793660d752732e75357ae17837079c4fe4e6228e800f5138e60dab2000bf18d1438d52237beb6033260e7ff0c1f8098c4bb6c45f5c749ed90bc09a46e61ad97fa8e0fd5c77352715bbca4983183941a9db471fca59d4c0a1c6509799d4db9d86ffa7fc00d73bb4bec88f352a15fc0cfb609008effc13eaed7dfb5b83f6de93d3e0f7fd6a66ac9b5a735fc25d51baf6c0f9aff2c113f50b8b5c6783915658723f19b4e02ef1cda4227b609e03e09272aaf833f611706e73f7b375a73ffa799c9fe6038d111e44ba764767d6ac340f71e13d6ef008f49e0bc2d165fe653b03a7e8f1e84b7a3f40577afec8ce17a64730545fb53bfa591429fba289be302240bf9a1520fa8b1806c2991bece7240f92b44384b6423e5be9ff5207d26cf079b162527a2c2549d10049cc165f0f65ffabbba186f3a437ad9f46e72082ec47cdab44f7a17bebe8161da876bba0457fbc1b8544ddc60b0c774e819ae6f8820dc15e28d7d7fcf67a17e3ccc767f1ded6d4b47d854fa9deed7c40249a5a4f0f1ee48c529c072dbb6df46df8300f0548e4069eacf8fd47a74bdb5d217f4aa7a18a02bf93f782fd312c53f60d3f1b5b8bc0ff3b8b1f65fc81e9450aae9379e4bac7cbe5851006639db83791699470424f5c65c3f9817b47841fed90bd4bf555212c758233aaa1052c4d8b39eea7b80e9c2706dcf5d9de66f38319726568e6afc25b3a5440aa6dfe16b091b1538a56e8846703670f98f3594bb868110ed905e9af430c05555b69777dbf9f23554321bff013164c367ae9ab372ec1bffef96f9963c4bd26f66ad632d71d1ec98d0738bab1c481989df449588659b851fe9697ddf00c4fec3257027609fda28b2a1c5a1f4edd732a347148276c439e77029acff084f977fd22a056147374eecdf88b5b98a18a753327e17c7e9a343ccd8f072095d67f3d9f7fc853939efcd1697dac65570f41ee92f5f4d19788e1b2f0915ec6564ee2e01e7abc555eb07fa4762b2efb7027d2d6459cdb255fc91ecedbca867f0436614c9e6cc6290ecd98234c983c25b981102cca59facbb6b62f2642c60e276c794cd80dab58343cc54755245228fcaefbbe80f53bf5b6c20b62bbd7657f8ea38dc9eee2d51014edff214c051dd79780e21825252d9759b77d9870b02a864321d59380b6cb57bef5eaf7dd5d064b11aa29bdb154c94b98fec146ae9df35942c77225c99ee6e31c128a9f59da5f560c5a8762afe4f672be257ec51fe0756fa4a1275a516e52281ce7845b8ec667a3807a9bc965924b89c7af28592b8301b6c8999d9836130e968c3413dabba7026cc4935e220fdd35bb86b9832a227772746d6a6c0ce75253b3825c3864fe14cb4a132f6476a44a456e3849dbbf12f702ff6467de6742684852448bb4784510beec57386c1ec86e29bf45f542ac59f57fe249aeec0ed2cb2b5199be5e1bea3d266c57085921189bcf8c95d83ae88e3f8f644118080faf92c76089fa8cc43cd6f9e1ef6c9f1bce4dbde068d523ff99898e9579aec0d002da49045f2b5a882f432a64ad08d385e77184b9dc4fa384f377a7dfdb22215b3c4c2c0bced2ff26a0680b6a951b26ff9be655ea481cd7458e748c148ec45a05087e851b84fe55d83ccac6486c381623a7121e7091808ffa3b61e3c2de9057c37777a9bfc118f006ec75344305cb735f9716ecf480e6e4054dfef7f2344d0e871568bd1d857d09ccc340d1d16e36dadf4ddda66a2042b85e2c249bd932b5d5e85230d9e5c5524b00dbde5be02095cfe2426ff9e62360a95cdc50bff9a17c042aafb25999d5c0ec923a2c003248721011e17c35d756e12aaef873d808a29cfdd56df003f3cadb4bdb2e3af55de2e4bcc33c1af67faa1bdd09ec8e88bd63c08d0e37e13e890a5d6eae61e922cc1b20803dba864313c4c28402daaa34cd15cf0c3129a4b331223f417bd1e2346ac4de7f397e47e82710325526b793276757b757d1060c1282fe8a7932f39b7b14c446eec4eb1a4849ffdff03600759041a78f7f40d6c6dec8f6230c8b6849c58bbbb2ef4f00f36a644b4474ffd314ba9d01e4fd06a43d50d932386c71841c32668b7c6f91d4ef703e010b63efa31d1f2eec80d0ba4eb3ea5bc8e552c78018040c314fe8e6776315b5d3a2aaed294b9b6088d900015e452af00000000144c2aaf783d15042019348114a56f40996850edc65008344969554b5a3086c87a15a4479930111b6bbde6ff457d07caa54a8086d9018a11f6d68b8f2ef8677210c2e3ed6099f2cc92bd3517a0315a70a9a4a3cda51d399c141d1a622650df9c0bcbe1b3c521d908105e3a03cfe66e12def467da7d20c6368b7e1e4cf60c3c73fa28012e49f4386a4780edbbe32be8f136627c34bb051bf1bf1ab9c820045bf3b7a10e4097802d89040b56e43c0815bb4bda15b2886970272d1211bd37b8304a17b937e5dd00d72ae76e816ec6d9a939df564d97cf909eeb89c8cffdd88ed6e2dc68fc78e5c44d52752a01253d4f4f4186a91847f3bb8df7b252b02ff219d1a78acde0002aaf37f53320fa8838271f160b3fa0b36d19d9c05ca932b5d1b3c11b82acaf1044134b0b4c89f8d68a8588fe03e5ea690987b0000010040800000000000000000000000, 10980, 10001, 10000, 12, 'true');

-- --------------------------------------------------------

--
-- Table structure for table `purchaseorder`
--

CREATE TABLE `purchaseorder` (
  `PurchaseOrderID` int(5) NOT NULL,
  `SupplierID` int(5) NOT NULL,
  `Price` int(5) NOT NULL
) ENGINE=InnoDB DEFAULT CHARSET=utf8mb4;

--
-- Dumping data for table `purchaseorder`
--

INSERT INTO `purchaseorder` (`PurchaseOrderID`, `SupplierID`, `Price`) VALUES
(1, 10001, 23472),
(2, 10001, 23472),
(3, 10002, 2161),
(4, 10001, 23472),
(5, 10002, 8732),
(6, 10001, 7821);

-- --------------------------------------------------------

--
-- Table structure for table `purchaseorder_item`
--

CREATE TABLE `purchaseorder_item` (
  `PurchaseOrderID` int(5) NOT NULL,
  `ItemID` int(5) NOT NULL,
  `Qty` int(11) NOT NULL,
  `SupplierID` int(5) NOT NULL
) ENGINE=InnoDB DEFAULT CHARSET=utf8mb4;

--
-- Dumping data for table `purchaseorder_item`
--

INSERT INTO `purchaseorder_item` (`PurchaseOrderID`, `ItemID`, `Qty`, `SupplierID`) VALUES
(3, 10001, 112, 1),
(4, 10002, 112, 1),
(5, 10008, 112, 1),
(6, 10007, 112, 1);

-- --------------------------------------------------------

--
-- Table structure for table `reorderrequest`
--

CREATE TABLE `reorderrequest` (
  `ReorderRequestID` int(5) NOT NULL,
  `StaffID` int(5) NOT NULL,
  `RequestDate` date NOT NULL,
  `RequestTime` time NOT NULL
) ENGINE=InnoDB DEFAULT CHARSET=utf8mb4;

--
-- Dumping data for table `reorderrequest`
--

INSERT INTO `reorderrequest` (`ReorderRequestID`, `StaffID`, `RequestDate`, `RequestTime`) VALUES
(10002, 10003, '2022-06-05', '08:01:41'),
(10003, 10003, '2022-06-05', '08:05:16'),
(10004, 10003, '2022-06-05', '08:08:40'),
(10005, 10003, '2022-06-05', '08:12:39'),
(10006, 10003, '2022-06-05', '08:12:56'),
(10007, 10003, '2022-06-05', '08:33:11'),
(10008, 10003, '2022-06-05', '08:33:22'),
(10009, 10003, '2022-06-05', '08:35:44'),
(10010, 10003, '2022-06-05', '08:37:27'),
(10011, 10003, '2022-06-05', '08:45:32'),
(10012, 10003, '2022-06-05', '08:48:35'),
(10013, 10003, '2022-06-05', '08:51:57'),
(10014, 10003, '2022-06-05', '08:52:14'),
(10015, 10003, '2022-06-05', '08:53:18'),
(10016, 10003, '2022-06-05', '08:53:54'),
(10017, 10003, '2022-06-05', '08:54:24'),
(10018, 10003, '2022-06-05', '08:55:53'),
(10019, 10003, '2022-06-05', '08:56:42'),
(10020, 10003, '2022-06-05', '08:58:37'),
(10021, 10003, '2022-06-05', '08:59:15'),
(10022, 10003, '2022-06-05', '09:00:34'),
(10023, 10003, '2022-06-05', '09:00:39'),
(10024, 10003, '2022-06-05', '09:01:58'),
(10025, 10003, '2022-06-05', '09:02:41'),
(10026, 10003, '2022-06-05', '09:12:55'),
(10027, 10003, '2022-06-05', '09:13:47'),
(10028, 10003, '2022-06-05', '09:17:12'),
(10029, 10003, '2022-06-05', '09:18:23'),
(10030, 10003, '2022-06-05', '09:19:47'),
(10031, 10003, '2022-06-05', '09:20:36'),
(10032, 10003, '2022-06-05', '09:22:14'),
(10033, 10003, '2022-06-05', '09:24:29'),
(10034, 10003, '2022-06-05', '09:26:22'),
(10035, 10003, '2022-06-05', '09:26:52'),
(10036, 10003, '2022-06-05', '09:26:56'),
(10037, 10006, '2022-06-07', '02:07:49');

-- --------------------------------------------------------

--
-- Table structure for table `reorderrequest_item`
--

CREATE TABLE `reorderrequest_item` (
  `ItemID` int(5) NOT NULL,
  `ReorderRequestID` int(5) NOT NULL,
  `Qty` int(11) NOT NULL
) ENGINE=InnoDB DEFAULT CHARSET=utf8mb4;

--
-- Dumping data for table `reorderrequest_item`
--

INSERT INTO `reorderrequest_item` (`ItemID`, `ReorderRequestID`, `Qty`) VALUES
(10002, 10002, 5),
(10005, 10003, 3),
(10005, 10004, 5),
(10002, 10005, 6),
(10002, 10006, 7),
(10001, 10007, 5),
(10002, 10008, 10),
(10008, 10009, 5),
(10002, 10010, 3),
(10002, 10011, 3),
(10001, 10012, 2),
(10002, 10013, 5),
(10005, 10014, 3),
(10002, 10015, 1),
(10001, 10016, 1),
(10001, 10017, 2),
(10001, 10018, 5),
(10001, 10019, 2),
(10002, 10020, 4),
(10002, 10021, 4),
(10002, 10022, 1),
(10002, 10023, 5),
(10002, 10024, 3),
(10001, 10025, 3),
(10002, 10026, 3),
(10002, 10027, 3),
(10005, 10028, 3),
(10005, 10029, 3),
(10001, 10030, 3),
(10001, 10031, 3),
(10001, 10032, 3),
(10001, 10033, 3),
(10001, 10034, 3),
(10002, 10035, 1),
(10002, 10036, 2),
(10004, 10037, 0);

-- --------------------------------------------------------

--
-- Table structure for table `restockrequest`
--

CREATE TABLE `restockrequest` (
  `RestockRequestID` int(5) NOT NULL,
  `StaffID` int(5) NOT NULL,
  `RequestDate` date NOT NULL,
  `RequestTime` time NOT NULL
) ENGINE=InnoDB DEFAULT CHARSET=utf8mb4;

--
-- Dumping data for table `restockrequest`
--

INSERT INTO `restockrequest` (`RestockRequestID`, `StaffID`, `RequestDate`, `RequestTime`) VALUES
(10028, 10002, '2022-06-04', '02:05:25'),
(10029, 10002, '2022-06-04', '02:05:47'),
(10030, 10002, '2022-06-04', '02:06:05'),
(10031, 10002, '2022-06-04', '02:59:18'),
(10032, 10002, '2022-06-04', '03:02:29'),
(10033, 10002, '2022-06-04', '03:10:53'),
(10034, 10002, '2022-06-04', '03:12:15'),
(10035, 10002, '2022-06-04', '03:12:38'),
(10036, 10002, '2022-06-04', '03:19:38'),
(10037, 10002, '2022-06-04', '03:19:43'),
(10038, 10002, '2022-06-04', '03:24:30');

-- --------------------------------------------------------

--
-- Table structure for table `restockrequest_item`
--

CREATE TABLE `restockrequest_item` (
  `RestockRequestID` int(5) NOT NULL,
  `itemID` int(5) NOT NULL,
  `Quantity` int(3) NOT NULL
) ENGINE=InnoDB DEFAULT CHARSET=utf8mb4;

--
-- Dumping data for table `restockrequest_item`
--

INSERT INTO `restockrequest_item` (`RestockRequestID`, `itemID`, `Quantity`) VALUES
(10029, 10001, 30),
(10030, 10002, 123),
(10032, 10002, 231),
(10034, 10001, 1),
(10034, 10002, 1),
(10035, 10001, 4),
(10035, 10002, 3),
(10036, 10001, 1),
(10036, 10002, 1),
(10037, 10001, 1),
(10037, 10002, 1);

-- --------------------------------------------------------

--
-- Table structure for table `retailstocklevel`
--

CREATE TABLE `retailstocklevel` (
  `itemID` int(5) NOT NULL,
  `itemName` varchar(20) NOT NULL,
  `storeName` varchar(10) NOT NULL,
  `Quantity` int(3) NOT NULL,
  `LowLevelQty` int(3) NOT NULL
) ENGINE=InnoDB DEFAULT CHARSET=utf8mb4;

-- --------------------------------------------------------

--
-- Table structure for table `salesorder`
--

CREATE TABLE `salesorder` (
  `SalesOrderID` int(5) NOT NULL,
  `StoreID` int(5) NOT NULL,
  `StaffID` int(5) NOT NULL,
  `PaymentStatus` enum('ordered','settled') DEFAULT NULL,
  `PaidAmt` int(20) NOT NULL,
  `Date` date NOT NULL,
  `Time` time NOT NULL,
  `ExpDate` date DEFAULT NULL,
  `CustomerID` int(5) DEFAULT NULL
) ENGINE=InnoDB DEFAULT CHARSET=utf8mb4;

--
-- Dumping data for table `salesorder`
--

INSERT INTO `salesorder` (`SalesOrderID`, `StoreID`, `StaffID`, `PaymentStatus`, `PaidAmt`, `Date`, `Time`, `ExpDate`, `CustomerID`) VALUES
(10001, 1, 10001, 'ordered', 100, '2022-06-04', '07:03:00', NULL, 10001),
(10002, 1, 10013, 'settled', 1645, '2022-06-15', '21:00:01', '2022-06-15', 10004),
(10003, 2, 10009, 'settled', 1645, '2022-08-15', '21:00:01', '2022-06-15', 10004),
(10004, 2, 10009, 'settled', 1645, '2022-09-15', '22:00:01', '2022-07-15', 10004),
(10005, 1, 10013, 'settled', 1645, '2022-01-15', '23:00:01', '2022-08-15', 10004),
(10006, 2, 10014, 'settled', 1645, '2022-02-15', '24:00:01', '2022-09-15', 10004),
(10007, 1, 10015, 'settled', 1645, '2022-03-15', '16:00:01', '2022-10-15', 10004);

-- --------------------------------------------------------

--
-- Table structure for table `salesorder_item`
--

CREATE TABLE `salesorder_item` (
  `SalesOrderID` int(5) NOT NULL,
  `ItemID` int(5) NOT NULL,
  `SalePrice` int(11) NOT NULL,
  `Qty` int(11) NOT NULL,
  `WarrantyMouth` int(11) DEFAULT NULL,
  `SerialNo` varchar(20) DEFAULT NULL
) ENGINE=InnoDB DEFAULT CHARSET=utf8mb4;

--
-- Dumping data for table `salesorder_item`
--

INSERT INTO `salesorder_item` (`SalesOrderID`, `ItemID`, `SalePrice`, `Qty`, `WarrantyMouth`, `SerialNo`) VALUES
(10001, 10001, 3456, 126, 24, '232efsdfsqa'),
(10001, 10002, 3456, 126, 24, '232efsdfsqa'),
(10002, 10002, 86534, 64, 36, '23323dasqa'),
(10003, 10004, 345, 112, 48, '123123dfas'),
(10004, 10005, 7654, 963, 64, '2543qa'),
(10005, 10006, 987, 137, 128, 'tgrg2345'),
(10006, 10008, 2332, 112, 24, '23231fdfsqa');

-- --------------------------------------------------------

--
-- Table structure for table `salesreceipt`
--

CREATE TABLE `salesreceipt` (
  `ReceiptID` int(5) NOT NULL,
  `SalesOrderID` int(5) NOT NULL,
  `CustomerID` int(5) NOT NULL,
  `Qty` int(11) NOT NULL,
  `Price` int(11) NOT NULL,
  `PaymentType` varchar(20) NOT NULL
) ENGINE=InnoDB DEFAULT CHARSET=utf8mb4;

-- --------------------------------------------------------

--
-- Table structure for table `staff`
--

CREATE TABLE `staff` (
  `StaffID` int(5) NOT NULL,
  `StaffName` varchar(20) NOT NULL,
  `Gender` char(1) NOT NULL,
  `DateOfBirth` date NOT NULL,
  `Tel` int(8) NOT NULL,
  `Email` varchar(50) NOT NULL,
  `Position` enum('Admin','CEO','Accounting Clerk','Accounting Manager','Delivery Workman','Goods Inwards Clerk','Inventory Clerk','Inventory Manager','Purchase Officer','Sales Manager','Sales Representative','Installation Workman') NOT NULL,
  `Depart` enum('CEO','Admin','Accounting','Inventory','Purchase','Sales','Technical Support') NOT NULL,
  `Salary` int(10) DEFAULT NULL
) ENGINE=InnoDB DEFAULT CHARSET=utf8mb4;

--
-- Dumping data for table `staff`
--

INSERT INTO `staff` (`StaffID`, `StaffName`, `Gender`, `DateOfBirth`, `Tel`, `Email`, `Position`, `Depart`, `Salary`) VALUES
(10001, 'admin', 'M', '1980-04-06', 24368333, 'betterlimited10001@gmail.com', 'Admin', 'Admin', NULL),
(10002, 'Better Limited', 'M', '1984-07-02', 24368334, 'betterlimited999@betterlimited.com', 'Admin', 'Admin', NULL),
(10003, 'Ryan Biddle', 'M', '1972-06-04', 24368332, 'ryanbiddle@betterlimited.com', 'CEO', 'CEO', NULL),
(10004, 'Rocky Hahn', 'M', '1969-10-19', 24365628, 'rockyhahn@betterlimited.com', 'Sales Manager', 'Sales', 57520),
(10005, 'Pierre Holquin', 'M', '1976-02-16', 24368472, 'pierreholquin@betterlimited.com', 'Sales Manager', 'Sales', 55200),
(10006, 'Phyllis Kinnison', 'F', '1978-05-25', 24365428, 'phylliskinnison@betterlimited.com', 'Inventory Manager', 'Inventory', 49230),
(10007, 'Carolyn Colon', 'F', '1981-10-26', 24369962, 'carolyncolon@betterlimited.com', 'Inventory Manager', 'Inventory', 48270),
(10008, 'Robert Fulkerson', 'M', '1968-10-30', 24368235, 'robertfulkerson@betterlimited.com', '', 'Purchase', 53230),
(10009, 'Rebecca Allen', 'F', '1980-08-16', 24363547, 'rebeccaallen@betterlimited.com', '', 'Purchase', 51980),
(10010, 'Robert Robinson', 'M', '1972-09-14', 24362748, 'robertrobinson@betterlimited.com', 'Accounting Manager', 'Accounting', 47850),
(10011, 'Jesse Young', 'M', '1965-07-10', 24368272, 'jesseyoung@betterlimited.com', 'Accounting Manager', 'Accounting', 49860),
(10012, 'Carlos Read', 'M', '1975-05-06', 24367282, 'carlosread@betterlimited.com', 'Installation Workman', 'Technical Support', 22520),
(10013, 'Carolyn White', 'F', '1977-04-28', 24369729, 'carolynwhite@betterlimited.com', 'Installation Workman', 'Technical Support', 25950),
(10014, 'Ruth Brown', 'F', '1979-10-01', 24369210, 'ruthbrown@betterlimited.com', 'Sales Representative', 'Sales', 28450),
(10015, 'Jennifer Stock', 'F', '1985-08-02', 24362478, 'jenniferstock@betterlimited.com', 'Sales Representative', 'Sales', 26870),
(10016, 'Peter Sheets', 'M', '1989-04-19', 24369372, 'petersheets@betterlimited.com', 'Sales Representative', 'Sales', 25990),
(10017, 'Anne Raymond', 'F', '1992-09-29', 24362357, 'anneraymond@betterlimited.com', 'Inventory Clerk', 'Inventory', 22840),
(10018, 'Erin Bain', 'M', '1984-08-12', 24362829, 'erinbain@betterlimited.com', 'Inventory Clerk', 'Inventory', 26910),
(10019, 'Lane Suggs', 'M', '1997-11-04', 24366218, 'lanesuggs@betterlimited.com', 'Goods Inwards Clerk', 'Inventory', 19850),
(10020, 'John Mauro', 'M', '1987-02-23', 24365910, 'johnmauro@betterlimited.com', 'Goods Inwards Clerk', 'Inventory', 21590),
(10021, 'David Love', 'M', '1992-07-25', 24369829, 'davidlove@betterlimited.com', 'Delivery Workman', 'Inventory', 24850),
(10022, 'Robert Thompson', 'M', '1992-09-20', 24369981, 'robertthompson@betterlimited.com', 'Delivery Workman', 'Inventory', 26590),
(10023, 'Jane Campbell', 'F', '1990-05-28', 24368719, 'janecampbell@betterlimited.com', 'Purchase Officer', 'Purchase', 24720),
(10024, 'Ervin Dobson', 'M', '1985-05-20', 24369820, 'ervindobson@betterlimited.com', 'Accounting Clerk', 'Accounting', 27200);

-- --------------------------------------------------------

--
-- Table structure for table `store`
--

CREATE TABLE `store` (
  `StoreID` int(5) NOT NULL,
  `Address` varchar(50) NOT NULL,
  `Tel` int(8) NOT NULL,
  `StaffID` int(5) NOT NULL
) ENGINE=InnoDB DEFAULT CHARSET=utf8mb4;

--
-- Dumping data for table `store`
--

INSERT INTO `store` (`StoreID`, `Address`, `Tel`, `StaffID`) VALUES
(1, 'store1@gmail.com', 12341234, 10004),
(2, 'store2@gmail.com', 32312123, 10005);

-- --------------------------------------------------------

--
-- Table structure for table `supplier`
--

CREATE TABLE `supplier` (
  `SupplierID` int(5) NOT NULL,
  `SupplierName` varchar(20) NOT NULL,
  `Address` varchar(50) NOT NULL,
  `Tel` int(8) NOT NULL
) ENGINE=InnoDB DEFAULT CHARSET=utf8mb4;

--
-- Dumping data for table `supplier`
--

INSERT INTO `supplier` (`SupplierID`, `SupplierName`, `Address`, `Tel`) VALUES
(10001, 'abc', 'addd', 12345678),
(10002, 'aa', 'sdff', 23456789);

-- --------------------------------------------------------

--
-- Table structure for table `useraccount`
--

CREATE TABLE `useraccount` (
  `UserAccountID` int(5) NOT NULL,
  `StaffID` int(5) NOT NULL,
  `UserName` varchar(20) NOT NULL,
  `Password` varchar(20) NOT NULL,
  `Email` varchar(50) NOT NULL,
  `CreateDateTime` datetime NOT NULL,
  `LastLoginDateTime` datetime DEFAULT NULL
) ENGINE=InnoDB DEFAULT CHARSET=utf8mb4;

--
-- Dumping data for table `useraccount`
--

INSERT INTO `useraccount` (`UserAccountID`, `StaffID`, `UserName`, `Password`, `Email`, `CreateDateTime`, `LastLoginDateTime`) VALUES
(10001, 10001, 'admin', 'Qwer1234!', 'betterlimited10001@gmail.com', '2022-05-24 20:04:05', '2022-06-07 00:39:01'),
(10008, 10001, 'admin2', 'Qwer1234!', 'betterlimited10001@gmail.com', '2022-05-27 04:59:15', NULL),
(10011, 10001, 'admin2', 'Qwer1234!', 'betterlimited10001@gmail.com', '2022-05-27 05:52:37', NULL),
(10012, 10001, 'admin3', 'Qwer1234!', 'betterlimited10001@gmail.com', '2022-05-27 05:55:06', NULL),
(10014, 10002, 'betterlimited', 'Qwer1234!', 'betterlimited999@betterlimited.com', '2022-05-28 05:03:40', '2022-05-28 05:04:10'),
(10015, 10002, 'betterlimmited2', 'Qwer1234!', 'betterlimited999@betterlimited.com', '2022-05-28 05:16:18', '2022-06-04 06:27:20'),
(10020, 10004, 'rockyh', 'Qwer1234!', 'betterlimited10001@gmail.com', '2022-06-05 20:00:39', '2022-06-05 23:29:59'),
(10021, 10017, 'anner', 'Qwer1234!', 'betterlimited10001@gmail.com', '2022-06-05 20:13:28', '2022-06-06 00:04:59'),
(10022, 10006, 'phyllisk', 'Qwer1234!', 'betterlimited10001@gmail.com', '2022-06-05 20:17:34', '2022-06-07 02:07:25'),
(10023, 10014, 'ruthb', 'Qwer1234!', 'betterlimited10001@gmail.com', '2022-06-05 20:19:19', '2022-06-05 21:47:02'),
(10024, 10008, 'robertf', 'Qwer1234!', 'betterlimited10001@gmail.com', '2022-06-05 21:48:36', '2022-06-05 21:56:04'),
(10025, 10023, 'janec', 'Qwer1234!', 'betterlimited10001@gmail.com', '2022-06-05 21:59:32', '2022-06-05 21:59:41'),
(10026, 10005, 'PierreH', 'Qwer1234!', 'betterlimited10001@gmail.com', '2022-06-05 22:40:39', NULL),
(10027, 10007, 'carolync', 'Qwer1234!', 'betterlimited10001@gmail.com', '2022-06-05 22:41:07', NULL),
(10028, 10009, 'rebeccaa', 'Qwer1234!', 'betterlimited10001@gmail.com', '2022-06-05 22:41:29', NULL),
(10029, 10010, 'robertr', 'Qwer1234!', 'betterlimited10001@gmail.com', '2022-06-05 22:41:48', NULL),
(10030, 10011, 'jessey', 'Qwer1234!', 'betterlimited10001@gmail.com', '2022-06-05 22:42:05', NULL),
(10031, 10012, 'carlosr', 'Qwer1234!', 'betterlimited10001@gmail.com', '2022-06-05 22:42:29', NULL),
(10032, 10013, 'carolynw', 'Qwer1234!', 'betterlimited10001@gmail.com', '2022-06-05 22:42:48', NULL),
(10033, 10015, 'jennifers', 'Qwer1234!', 'betterlimited10001@gmail.com', '2022-06-05 22:43:20', NULL),
(10034, 10016, 'peters', 'Qwer1234!', 'betterlimited10001@gmail.com', '2022-06-05 22:43:35', NULL),
(10035, 10018, 'erinb', 'Qwer1234!', 'betterlimited10001@gmail.com', '2022-06-05 22:43:51', NULL),
(10036, 10019, 'lanes', 'Qwer1234!', 'betterlimited10001@gmail.com', '2022-06-05 22:44:11', NULL),
(10037, 10020, 'johnm', 'Qwer1234!', 'betterlimited10001@gmail.com', '2022-06-05 22:44:27', NULL),
(10038, 10021, 'davidl', 'Qwer1234!', 'betterlimited10001@gmail.com', '2022-06-05 22:44:42', NULL),
(10039, 10022, 'robertt', 'Qwer1234!', 'betterlimited10001@gmail.com', '2022-06-05 22:44:58', NULL),
(10040, 10024, 'Ervind', 'Qwer1234!', 'betterlimited10001@gmail.com', '2022-06-05 22:45:18', NULL);

--
-- Indexes for dumped tables
--

--
-- Indexes for table `customer`
--
ALTER TABLE `customer`
  ADD PRIMARY KEY (`CustomerID`);

--
-- Indexes for table `deliveryorder`
--
ALTER TABLE `deliveryorder`
  ADD PRIMARY KEY (`DeliveryID`),
  ADD KEY `FKDeliveryNo330361` (`SalesOrderID`);

--
-- Indexes for table `deliveryorder_item`
--
ALTER TABLE `deliveryorder_item`
  ADD PRIMARY KEY (`DeliveryID`,`itemID`),
  ADD KEY `deliveryorder_item_ibfk_2` (`itemID`);

--
-- Indexes for table `goodreturnnote`
--
ALTER TABLE `goodreturnnote`
  ADD PRIMARY KEY (`ReturnNoteID`),
  ADD KEY `FKGoodReturn385517` (`SupplierID`),
  ADD KEY `FKGoodReturn63513` (`SalesOrderID`);

--
-- Indexes for table `goodreturnnote_item`
--
ALTER TABLE `goodreturnnote_item`
  ADD PRIMARY KEY (`ReturnNoteID`,`ItemID`),
  ADD KEY `FKGoodReturn748003` (`ItemID`);

--
-- Indexes for table `goodsreceivednote`
--
ALTER TABLE `goodsreceivednote`
  ADD PRIMARY KEY (`ReceivedID`,`PurchaseOrderID`),
  ADD KEY `FKGoodsRecei36177` (`PurchaseOrderID`),
  ADD KEY `FKGoodsRecei913086` (`SupplierID`);

--
-- Indexes for table `installationorder`
--
ALTER TABLE `installationorder`
  ADD PRIMARY KEY (`InstallationID`),
  ADD KEY `FKInstallati300044` (`SalesOrderID`);

--
-- Indexes for table `installationorder_item`
--
ALTER TABLE `installationorder_item`
  ADD PRIMARY KEY (`InstallationID`,`itemID`),
  ADD KEY `itemID` (`itemID`);

--
-- Indexes for table `inventorystocklevel`
--
ALTER TABLE `inventorystocklevel`
  ADD PRIMARY KEY (`itemID`);

--
-- Indexes for table `item`
--
ALTER TABLE `item`
  ADD PRIMARY KEY (`ItemID`),
  ADD KEY `FKItem506810` (`SupplierID`);

--
-- Indexes for table `purchaseorder`
--
ALTER TABLE `purchaseorder`
  ADD PRIMARY KEY (`PurchaseOrderID`),
  ADD KEY `FKPurchaseOr510102` (`SupplierID`);

--
-- Indexes for table `purchaseorder_item`
--
ALTER TABLE `purchaseorder_item`
  ADD PRIMARY KEY (`PurchaseOrderID`,`ItemID`),
  ADD KEY `FKPurchaseOr100230` (`ItemID`);

--
-- Indexes for table `reorderrequest`
--
ALTER TABLE `reorderrequest`
  ADD PRIMARY KEY (`ReorderRequestID`),
  ADD KEY `FK_StaffID` (`StaffID`);

--
-- Indexes for table `reorderrequest_item`
--
ALTER TABLE `reorderrequest_item`
  ADD PRIMARY KEY (`ReorderRequestID`);

--
-- Indexes for table `restockrequest`
--
ALTER TABLE `restockrequest`
  ADD PRIMARY KEY (`RestockRequestID`),
  ADD KEY `StaffID` (`StaffID`);

--
-- Indexes for table `restockrequest_item`
--
ALTER TABLE `restockrequest_item`
  ADD PRIMARY KEY (`RestockRequestID`,`itemID`),
  ADD KEY `itemID` (`itemID`);

--
-- Indexes for table `retailstocklevel`
--
ALTER TABLE `retailstocklevel`
  ADD PRIMARY KEY (`itemID`);

--
-- Indexes for table `salesorder`
--
ALTER TABLE `salesorder`
  ADD PRIMARY KEY (`SalesOrderID`),
  ADD KEY `FKSalesOrder557619` (`CustomerID`),
  ADD KEY `FKSalesOrder841473` (`StoreID`),
  ADD KEY `FKSalesOrder426975` (`StaffID`);

--
-- Indexes for table `salesorder_item`
--
ALTER TABLE `salesorder_item`
  ADD PRIMARY KEY (`SalesOrderID`,`ItemID`),
  ADD KEY `FKSalesOrder929714` (`SalesOrderID`),
  ADD KEY `FKSalesOrder804327` (`ItemID`);

--
-- Indexes for table `salesreceipt`
--
ALTER TABLE `salesreceipt`
  ADD PRIMARY KEY (`ReceiptID`),
  ADD KEY `FKSalesRecei652713` (`SalesOrderID`),
  ADD KEY `FKSalesRecei494615` (`CustomerID`);

--
-- Indexes for table `staff`
--
ALTER TABLE `staff`
  ADD PRIMARY KEY (`StaffID`);

--
-- Indexes for table `store`
--
ALTER TABLE `store`
  ADD PRIMARY KEY (`StoreID`),
  ADD KEY `FKStore384954` (`StaffID`);

--
-- Indexes for table `supplier`
--
ALTER TABLE `supplier`
  ADD PRIMARY KEY (`SupplierID`);

--
-- Indexes for table `useraccount`
--
ALTER TABLE `useraccount`
  ADD PRIMARY KEY (`UserAccountID`),
  ADD KEY `FKUserAccoun919948` (`StaffID`);

--
-- AUTO_INCREMENT for dumped tables
--

--
-- AUTO_INCREMENT for table `customer`
--
ALTER TABLE `customer`
  MODIFY `CustomerID` int(5) NOT NULL AUTO_INCREMENT, AUTO_INCREMENT=10013;

--
-- AUTO_INCREMENT for table `deliveryorder`
--
ALTER TABLE `deliveryorder`
  MODIFY `DeliveryID` int(5) NOT NULL AUTO_INCREMENT, AUTO_INCREMENT=10012;

--
-- AUTO_INCREMENT for table `goodreturnnote`
--
ALTER TABLE `goodreturnnote`
  MODIFY `ReturnNoteID` int(5) NOT NULL AUTO_INCREMENT, AUTO_INCREMENT=4;

--
-- AUTO_INCREMENT for table `goodsreceivednote`
--
ALTER TABLE `goodsreceivednote`
  MODIFY `ReceivedID` int(5) NOT NULL AUTO_INCREMENT;

--
-- AUTO_INCREMENT for table `installationorder`
--
ALTER TABLE `installationorder`
  MODIFY `InstallationID` int(5) NOT NULL AUTO_INCREMENT, AUTO_INCREMENT=10008;

--
-- AUTO_INCREMENT for table `item`
--
ALTER TABLE `item`
  MODIFY `ItemID` int(5) NOT NULL AUTO_INCREMENT, AUTO_INCREMENT=10020;

--
-- AUTO_INCREMENT for table `purchaseorder`
--
ALTER TABLE `purchaseorder`
  MODIFY `PurchaseOrderID` int(5) NOT NULL AUTO_INCREMENT, AUTO_INCREMENT=7;

--
-- AUTO_INCREMENT for table `reorderrequest`
--
ALTER TABLE `reorderrequest`
  MODIFY `ReorderRequestID` int(5) NOT NULL AUTO_INCREMENT, AUTO_INCREMENT=10038;

--
-- AUTO_INCREMENT for table `restockrequest`
--
ALTER TABLE `restockrequest`
  MODIFY `RestockRequestID` int(5) NOT NULL AUTO_INCREMENT, AUTO_INCREMENT=10039;

--
-- AUTO_INCREMENT for table `salesorder`
--
ALTER TABLE `salesorder`
  MODIFY `SalesOrderID` int(5) NOT NULL AUTO_INCREMENT, AUTO_INCREMENT=10008;

--
-- AUTO_INCREMENT for table `salesreceipt`
--
ALTER TABLE `salesreceipt`
  MODIFY `ReceiptID` int(5) NOT NULL AUTO_INCREMENT;

--
-- AUTO_INCREMENT for table `staff`
--
ALTER TABLE `staff`
  MODIFY `StaffID` int(5) NOT NULL AUTO_INCREMENT, AUTO_INCREMENT=10045;

--
-- AUTO_INCREMENT for table `store`
--
ALTER TABLE `store`
  MODIFY `StoreID` int(5) NOT NULL AUTO_INCREMENT, AUTO_INCREMENT=3;

--
-- AUTO_INCREMENT for table `supplier`
--
ALTER TABLE `supplier`
  MODIFY `SupplierID` int(5) NOT NULL AUTO_INCREMENT, AUTO_INCREMENT=10003;

--
-- AUTO_INCREMENT for table `useraccount`
--
ALTER TABLE `useraccount`
  MODIFY `UserAccountID` int(5) NOT NULL AUTO_INCREMENT, AUTO_INCREMENT=10041;

--
-- Constraints for dumped tables
--

--
-- Constraints for table `deliveryorder`
--
ALTER TABLE `deliveryorder`
  ADD CONSTRAINT `FKDeliveryNo330361` FOREIGN KEY (`SalesOrderID`) REFERENCES `salesorder` (`SalesOrderID`) ON DELETE CASCADE;

--
-- Constraints for table `deliveryorder_item`
--
ALTER TABLE `deliveryorder_item`
  ADD CONSTRAINT `deliveryorder_item_ibfk_1` FOREIGN KEY (`DeliveryID`) REFERENCES `deliveryorder` (`DeliveryID`) ON DELETE CASCADE,
  ADD CONSTRAINT `deliveryorder_item_ibfk_2` FOREIGN KEY (`itemID`) REFERENCES `salesorder_item` (`ItemID`) ON DELETE CASCADE;

--
-- Constraints for table `goodreturnnote`
--
ALTER TABLE `goodreturnnote`
  ADD CONSTRAINT `FKGoodReturn385517` FOREIGN KEY (`SupplierID`) REFERENCES `supplier` (`SupplierID`) ON DELETE CASCADE,
  ADD CONSTRAINT `FKGoodReturn63513` FOREIGN KEY (`SalesOrderID`) REFERENCES `salesorder` (`SalesOrderID`) ON DELETE CASCADE;

--
-- Constraints for table `goodreturnnote_item`
--
ALTER TABLE `goodreturnnote_item`
  ADD CONSTRAINT `FKGoodReturn395895` FOREIGN KEY (`ReturnNoteID`) REFERENCES `goodreturnnote` (`ReturnNoteID`) ON DELETE CASCADE,
  ADD CONSTRAINT `FKGoodReturn748003` FOREIGN KEY (`ItemID`) REFERENCES `item` (`ItemID`) ON DELETE CASCADE;

--
-- Constraints for table `goodsreceivednote`
--
ALTER TABLE `goodsreceivednote`
  ADD CONSTRAINT `FKGoodsRecei36177` FOREIGN KEY (`PurchaseOrderID`) REFERENCES `purchaseorder` (`PurchaseOrderID`),
  ADD CONSTRAINT `FKGoodsRecei913086` FOREIGN KEY (`SupplierID`) REFERENCES `supplier` (`SupplierID`) ON DELETE CASCADE;

--
-- Constraints for table `installationorder`
--
ALTER TABLE `installationorder`
  ADD CONSTRAINT `FKInstallati300044` FOREIGN KEY (`SalesOrderID`) REFERENCES `salesorder` (`SalesOrderID`);

--
-- Constraints for table `installationorder_item`
--
ALTER TABLE `installationorder_item`
  ADD CONSTRAINT `installationorder_item_ibfk_1` FOREIGN KEY (`itemID`) REFERENCES `salesorder_item` (`ItemID`) ON DELETE CASCADE,
  ADD CONSTRAINT `installationorder_item_ibfk_2` FOREIGN KEY (`InstallationID`) REFERENCES `installationorder` (`InstallationID`);

--
-- Constraints for table `inventorystocklevel`
--
ALTER TABLE `inventorystocklevel`
  ADD CONSTRAINT `FK_itemID` FOREIGN KEY (`itemID`) REFERENCES `item` (`ItemID`) ON DELETE CASCADE;

--
-- Constraints for table `item`
--
ALTER TABLE `item`
  ADD CONSTRAINT `FKItem506810` FOREIGN KEY (`SupplierID`) REFERENCES `supplier` (`SupplierID`) ON DELETE CASCADE;

--
-- Constraints for table `purchaseorder`
--
ALTER TABLE `purchaseorder`
  ADD CONSTRAINT `FKPurchaseOr510102` FOREIGN KEY (`SupplierID`) REFERENCES `supplier` (`SupplierID`);

--
-- Constraints for table `purchaseorder_item`
--
ALTER TABLE `purchaseorder_item`
  ADD CONSTRAINT `FKPurchaseOr100230` FOREIGN KEY (`ItemID`) REFERENCES `item` (`ItemID`) ON DELETE CASCADE,
  ADD CONSTRAINT `FKPurchaseOr444232` FOREIGN KEY (`PurchaseOrderID`) REFERENCES `purchaseorder` (`PurchaseOrderID`) ON DELETE CASCADE;

--
-- Constraints for table `reorderrequest`
--
ALTER TABLE `reorderrequest`
  ADD CONSTRAINT `FK_StaffID` FOREIGN KEY (`StaffID`) REFERENCES `staff` (`StaffID`) ON DELETE CASCADE;

--
-- Constraints for table `reorderrequest_item`
--
ALTER TABLE `reorderrequest_item`
  ADD CONSTRAINT `FK_ReOrderRequestID` FOREIGN KEY (`ReorderRequestID`) REFERENCES `reorderrequest` (`ReorderRequestID`) ON DELETE CASCADE;

--
-- Constraints for table `restockrequest`
--
ALTER TABLE `restockrequest`
  ADD CONSTRAINT `restockrequest_ibfk_1` FOREIGN KEY (`StaffID`) REFERENCES `staff` (`StaffID`) ON DELETE CASCADE;

--
-- Constraints for table `restockrequest_item`
--
ALTER TABLE `restockrequest_item`
  ADD CONSTRAINT `restockrequest_item_ibfk_1` FOREIGN KEY (`itemID`) REFERENCES `item` (`ItemID`) ON DELETE CASCADE,
  ADD CONSTRAINT `restockrequest_item_ibfk_2` FOREIGN KEY (`RestockRequestID`) REFERENCES `restockrequest` (`RestockRequestID`) ON DELETE CASCADE;

--
-- Constraints for table `retailstocklevel`
--
ALTER TABLE `retailstocklevel`
  ADD CONSTRAINT `FK_itemIDrs` FOREIGN KEY (`itemID`) REFERENCES `item` (`ItemID`) ON DELETE CASCADE;

--
-- Constraints for table `salesorder`
--
ALTER TABLE `salesorder`
  ADD CONSTRAINT `FKSalesOrder426975` FOREIGN KEY (`StaffID`) REFERENCES `staff` (`StaffID`) ON DELETE CASCADE,
  ADD CONSTRAINT `FKSalesOrder557619` FOREIGN KEY (`CustomerID`) REFERENCES `customer` (`CustomerID`),
  ADD CONSTRAINT `FKSalesOrder841473` FOREIGN KEY (`StoreID`) REFERENCES `store` (`StoreID`);

--
-- Constraints for table `salesorder_item`
--
ALTER TABLE `salesorder_item`
  ADD CONSTRAINT `FKSalesOrder804327` FOREIGN KEY (`ItemID`) REFERENCES `item` (`ItemID`) ON DELETE CASCADE,
  ADD CONSTRAINT `FKSalesOrder929714` FOREIGN KEY (`SalesOrderID`) REFERENCES `salesorder` (`SalesOrderID`) ON DELETE CASCADE;

--
-- Constraints for table `salesreceipt`
--
ALTER TABLE `salesreceipt`
  ADD CONSTRAINT `FKSalesRecei494615` FOREIGN KEY (`CustomerID`) REFERENCES `customer` (`CustomerID`),
  ADD CONSTRAINT `FKSalesRecei652713` FOREIGN KEY (`SalesOrderID`) REFERENCES `salesorder` (`SalesOrderID`) ON DELETE CASCADE;

--
-- Constraints for table `store`
--
ALTER TABLE `store`
  ADD CONSTRAINT `FKStore384954` FOREIGN KEY (`StaffID`) REFERENCES `staff` (`StaffID`) ON DELETE CASCADE;

--
-- Constraints for table `useraccount`
--
ALTER TABLE `useraccount`
  ADD CONSTRAINT `FKUserAccoun919948` FOREIGN KEY (`StaffID`) REFERENCES `staff` (`StaffID`) ON DELETE CASCADE;
COMMIT;

/*!40101 SET CHARACTER_SET_CLIENT=@OLD_CHARACTER_SET_CLIENT */;
/*!40101 SET CHARACTER_SET_RESULTS=@OLD_CHARACTER_SET_RESULTS */;
/*!40101 SET COLLATION_CONNECTION=@OLD_COLLATION_CONNECTION */;
